INSERT INTO `pn_rx_chem` (`pn_chem_id`, `pn_name`, `pn_moa_id`) VALUES (1, 'timolol maleate', 2);
INSERT INTO `pn_rx_chem` (`pn_chem_id`, `pn_name`, `pn_moa_id`) VALUES (2, 'gentamicin', 3);
INSERT INTO `pn_rx_chem` (`pn_chem_id`, `pn_name`, `pn_moa_id`) VALUES (6, 'olopatadine hydrochloride', 4);
INSERT INTO `pn_rx_chem` (`pn_chem_id`, `pn_name`, `pn_moa_id`) VALUES (60, 'apraclonidine HCl', 23);
INSERT INTO `pn_rx_chem` (`pn_chem_id`, `pn_name`, `pn_moa_id`) VALUES (8, 'lodoxamide tromethamine', 6);
INSERT INTO `pn_rx_chem` (`pn_chem_id`, `pn_name`, `pn_moa_id`) VALUES (9, 'cromolyn sodium', 6);
INSERT INTO `pn_rx_chem` (`pn_chem_id`, `pn_name`, `pn_moa_id`) VALUES (11, 'levocabastine HCl', 10);
INSERT INTO `pn_rx_chem` (`pn_chem_id`, `pn_name`, `pn_moa_id`) VALUES (12, 'emedastine difumarate', 10);
INSERT INTO `pn_rx_chem` (`pn_chem_id`, `pn_name`, `pn_moa_id`) VALUES (13, 'pemirolast potassium', 6);
INSERT INTO `pn_rx_chem` (`pn_chem_id`, `pn_name`, `pn_moa_id`) VALUES (14, 'nedocromil sodium', 6);
INSERT INTO `pn_rx_chem` (`pn_chem_id`, `pn_name`, `pn_moa_id`) VALUES (15, 'ketotifen fumarate', 4);
INSERT INTO `pn_rx_chem` (`pn_chem_id`, `pn_name`, `pn_moa_id`) VALUES (16, 'azelastine HCl', 4);
INSERT INTO `pn_rx_chem` (`pn_chem_id`, `pn_name`, `pn_moa_id`) VALUES (17, 'loteprednol etabonate', 11);
INSERT INTO `pn_rx_chem` (`pn_chem_id`, `pn_name`, `pn_moa_id`) VALUES (18, 'ketorolac tromethamine', 12);
INSERT INTO `pn_rx_chem` (`pn_chem_id`, `pn_name`, `pn_moa_id`) VALUES (19, 'trifluridine', 14);
INSERT INTO `pn_rx_chem` (`pn_chem_id`, `pn_name`, `pn_moa_id`) VALUES (20, 'vidarabine', 14);
INSERT INTO `pn_rx_chem` (`pn_chem_id`, `pn_name`, `pn_moa_id`) VALUES (21, 'moxifloxacin HCl', 15);
INSERT INTO `pn_rx_chem` (`pn_chem_id`, `pn_name`, `pn_moa_id`) VALUES (22, 'gatifloxacin', 15);
INSERT INTO `pn_rx_chem` (`pn_chem_id`, `pn_name`, `pn_moa_id`) VALUES (23, 'ciprofloxacin HCl', 15);
INSERT INTO `pn_rx_chem` (`pn_chem_id`, `pn_name`, `pn_moa_id`) VALUES (24, 'ofloxacin', 15);
INSERT INTO `pn_rx_chem` (`pn_chem_id`, `pn_name`, `pn_moa_id`) VALUES (25, 'tobramycin sulfate', 3);
INSERT INTO `pn_rx_chem` (`pn_chem_id`, `pn_name`, `pn_moa_id`) VALUES (26, 'levofloxacin', 15);
INSERT INTO `pn_rx_chem` (`pn_chem_id`, `pn_name`, `pn_moa_id`) VALUES (27, 'norfloxacin', 15);
INSERT INTO `pn_rx_chem` (`pn_chem_id`, `pn_name`, `pn_moa_id`) VALUES (28, 'polymyxin B', 20);
INSERT INTO `pn_rx_chem` (`pn_chem_id`, `pn_name`, `pn_moa_id`) VALUES (29, 'trimethoprim', 0);
INSERT INTO `pn_rx_chem` (`pn_chem_id`, `pn_name`, `pn_moa_id`) VALUES (35, 'neomycin sulfate', 3);
INSERT INTO `pn_rx_chem` (`pn_chem_id`, `pn_name`, `pn_moa_id`) VALUES (30, 'erythromycin', 16);
INSERT INTO `pn_rx_chem` (`pn_chem_id`, `pn_name`, `pn_moa_id`) VALUES (33, 'sulfacetamide sodium', 18);
INSERT INTO `pn_rx_chem` (`pn_chem_id`, `pn_name`, `pn_moa_id`) VALUES (32, 'bacitracin', 17);
INSERT INTO `pn_rx_chem` (`pn_chem_id`, `pn_name`, `pn_moa_id`) VALUES (34, 'oxytetracycline HCl', 19);
INSERT INTO `pn_rx_chem` (`pn_chem_id`, `pn_name`, `pn_moa_id`) VALUES (36, 'gramicidin', 20);
INSERT INTO `pn_rx_chem` (`pn_chem_id`, `pn_name`, `pn_moa_id`) VALUES (37, 'prednisolone acetate', 11);
INSERT INTO `pn_rx_chem` (`pn_chem_id`, `pn_name`, `pn_moa_id`) VALUES (38, 'rimexolone', 11);
INSERT INTO `pn_rx_chem` (`pn_chem_id`, `pn_name`, `pn_moa_id`) VALUES (39, 'fluorometholone', 11);
INSERT INTO `pn_rx_chem` (`pn_chem_id`, `pn_name`, `pn_moa_id`) VALUES (40, 'fluorometholone acetate', 11);
INSERT INTO `pn_rx_chem` (`pn_chem_id`, `pn_name`, `pn_moa_id`) VALUES (41, 'prednisolone sodium phosphate', 11);
INSERT INTO `pn_rx_chem` (`pn_chem_id`, `pn_name`, `pn_moa_id`) VALUES (42, 'medrysone', 11);
INSERT INTO `pn_rx_chem` (`pn_chem_id`, `pn_name`, `pn_moa_id`) VALUES (43, 'dexamethasone phosphate', 11);
INSERT INTO `pn_rx_chem` (`pn_chem_id`, `pn_name`, `pn_moa_id`) VALUES (44, 'dexamethasone acetate', 11);
INSERT INTO `pn_rx_chem` (`pn_chem_id`, `pn_name`, `pn_moa_id`) VALUES (45, 'diclofenac sodium', 12);
INSERT INTO `pn_rx_chem` (`pn_chem_id`, `pn_name`, `pn_moa_id`) VALUES (46, 'flurbiprofen sodium', 12);
INSERT INTO `pn_rx_chem` (`pn_chem_id`, `pn_name`, `pn_moa_id`) VALUES (47, 'suprofen', 12);
INSERT INTO `pn_rx_chem` (`pn_chem_id`, `pn_name`, `pn_moa_id`) VALUES (48, 'cyclosporine', 22);
INSERT INTO `pn_rx_chem` (`pn_chem_id`, `pn_name`, `pn_moa_id`) VALUES (49, 'natamycin', 20);
INSERT INTO `pn_rx_chem` (`pn_chem_id`, `pn_name`, `pn_moa_id`) VALUES (50, 'brimonidine tartrate', 23);
INSERT INTO `pn_rx_chem` (`pn_chem_id`, `pn_name`, `pn_moa_id`) VALUES (51, 'latanoprost', 24);
INSERT INTO `pn_rx_chem` (`pn_chem_id`, `pn_name`, `pn_moa_id`) VALUES (52, 'travoprost', 24);
INSERT INTO `pn_rx_chem` (`pn_chem_id`, `pn_name`, `pn_moa_id`) VALUES (53, 'bimatoprost', 24);
INSERT INTO `pn_rx_chem` (`pn_chem_id`, `pn_name`, `pn_moa_id`) VALUES (54, 'betaxolol HCl', 2);
INSERT INTO `pn_rx_chem` (`pn_chem_id`, `pn_name`, `pn_moa_id`) VALUES (55, 'dorzolamide HCl', 5);
INSERT INTO `pn_rx_chem` (`pn_chem_id`, `pn_name`, `pn_moa_id`) VALUES (56, 'brinzolamide', 5);
INSERT INTO `pn_rx_chem` (`pn_chem_id`, `pn_name`, `pn_moa_id`) VALUES (57, 'levobunolol HCl', 2);
INSERT INTO `pn_rx_chem` (`pn_chem_id`, `pn_name`, `pn_moa_id`) VALUES (58, 'dipivefrin HCl', 25);
INSERT INTO `pn_rx_chem` (`pn_chem_id`, `pn_name`, `pn_moa_id`) VALUES (59, 'epinephrine', 25);
INSERT INTO `pn_rx_chem` (`pn_chem_id`, `pn_name`, `pn_moa_id`) VALUES (61, 'unoprostone isopropyl', 26);
INSERT INTO `pn_rx_chem` (`pn_chem_id`, `pn_name`, `pn_moa_id`) VALUES (62, 'timolol hemihydrate', 2);
INSERT INTO `pn_rx_chem` (`pn_chem_id`, `pn_name`, `pn_moa_id`) VALUES (63, 'carteolol HCl', 2);
INSERT INTO `pn_rx_chem` (`pn_chem_id`, `pn_name`, `pn_moa_id`) VALUES (64, 'metipranolol HCl', 2);
INSERT INTO `pn_rx_chem` (`pn_chem_id`, `pn_name`, `pn_moa_id`) VALUES (65, 'pilocarpine HCl', 27);
INSERT INTO `pn_rx_chem` (`pn_chem_id`, `pn_name`, `pn_moa_id`) VALUES (66, 'carbachol', 27);
INSERT INTO `pn_rx_chem` (`pn_chem_id`, `pn_name`, `pn_moa_id`) VALUES (67, 'levobetaxolol HCl', 2);
INSERT INTO `pn_rx_chem` (`pn_chem_id`, `pn_name`, `pn_moa_id`) VALUES (68, 'hydrocortisone', 11);
INSERT INTO `pn_rx_chem` (`pn_chem_id`, `pn_name`, `pn_moa_id`) VALUES (69, 'epinastine HCl', 4);
INSERT INTO `pn_rx_chem` (`pn_chem_id`, `pn_name`, `pn_moa_id`) VALUES (70, 'acyclovir', 14);
INSERT INTO `pn_rx_chem` (`pn_chem_id`, `pn_name`, `pn_moa_id`) VALUES (71, 'nepafenac', 12);
INSERT INTO `pn_rx_company` (`pn_comp_id`, `pn_name`, `pn_phone`, `pn_street`, `pn_city`, `pn_state`, `pn_zip`, `pn_email`, `pn_url`, `pn_comments`) VALUES (17, 'Parkedale Pharmaceuticals', '', '870 Parkedale Road', 'Rochester', 'MI', '48307-1740', '', '', 'Parkedale Pharmaceuticals, established by King Pharmaceuticals, Inc. in 1998, manufactures clinical and commercial drugs for numerous pharmaceutical and biotechnology companies worldwide.');
INSERT INTO `pn_rx_company` (`pn_comp_id`, `pn_name`, `pn_phone`, `pn_street`, `pn_city`, `pn_state`, `pn_zip`, `pn_email`, `pn_url`, `pn_comments`) VALUES (18, 'Dista/Lilly', '(800) 545-5979', 'Lilly Corporate Center', 'Indianapolis', 'IN', '46285', '', 'http://www.lilly.com', '');
INSERT INTO `pn_rx_company` (`pn_comp_id`, `pn_name`, `pn_phone`, `pn_street`, `pn_city`, `pn_state`, `pn_zip`, `pn_email`, `pn_url`, `pn_comments`) VALUES (2, 'Alcon', '(800) 757-9195', '6201 South Freeway', 'Fort Worth', 'TX', '76134-2099', '', 'http://www.alconlabs.com', '');
INSERT INTO `pn_rx_company` (`pn_comp_id`, `pn_name`, `pn_phone`, `pn_street`, `pn_city`, `pn_state`, `pn_zip`, `pn_email`, `pn_url`, `pn_comments`) VALUES (3, 'Allergan', '(714) 246-4500', 'P.O. Box 19534', 'Irvine', 'CA', '92623', 'corpinfo@allergan.com', 'http://www.allergan.com', 'Fax: (714) 246-4971');
INSERT INTO `pn_rx_company` (`pn_comp_id`, `pn_name`, `pn_phone`, `pn_street`, `pn_city`, `pn_state`, `pn_zip`, `pn_email`, `pn_url`, `pn_comments`) VALUES (4, 'Bausch & Lomb', '(813) 975-7700', '8500 Hidden River Parkway', 'Tampa', 'FL', '33637', '', 'http://www.bausch.com/us/resource/pharma/index.jsp?nav=topna', '');
INSERT INTO `pn_rx_company` (`pn_comp_id`, `pn_name`, `pn_phone`, `pn_street`, `pn_city`, `pn_state`, `pn_zip`, `pn_email`, `pn_url`, `pn_comments`) VALUES (5, 'Merck', '(800) 609-4618', 'One Merck Drive P.O. Box 100', 'Whitehouse Station', 'NJ', '08889-0100', '', 'http://www.merck.com', '');
INSERT INTO `pn_rx_company` (`pn_comp_id`, `pn_name`, `pn_phone`, `pn_street`, `pn_city`, `pn_state`, `pn_zip`, `pn_email`, `pn_url`, `pn_comments`) VALUES (9, 'Santen', '(707) 254 1750', '555 Gateway Drive', 'Napa', 'CA', '94558', 'info@santeninc.com', 'http://www.santen.com/', 'Santen Incorporated, a wholly owned subsidiary of Santen Pharmaceutical Co., Ltd., opened its doors in the San Francisco Bay Area in 1993.');
INSERT INTO `pn_rx_company` (`pn_comp_id`, `pn_name`, `pn_phone`, `pn_street`, `pn_city`, `pn_state`, `pn_zip`, `pn_email`, `pn_url`, `pn_comments`) VALUES (10, 'Monarch Pharmaceuticals', '(888) 840-5370', 'King Pharmaceutical, Inc.  501 Fifth Str', 'Bristol', 'TN', '37620', '', 'http://www.kingpharm.com', 'Monarch Pharmaceuticals, Inc. is a wholly owned subsidiary of King Pharmaceuticals, Inc.\r\n \r\n');
INSERT INTO `pn_rx_company` (`pn_comp_id`, `pn_name`, `pn_phone`, `pn_street`, `pn_city`, `pn_state`, `pn_zip`, `pn_email`, `pn_url`, `pn_comments`) VALUES (11, 'Novartis Ophthalmics', '(866) 393-6336', '11695 Johns Creek Parkway', 'Duluth', 'GA', '30097', 'delores.scruggs@pharma.novartis.com', 'http://www.us.novartisophthalmics.com', '');
INSERT INTO `pn_rx_company` (`pn_comp_id`, `pn_name`, `pn_phone`, `pn_street`, `pn_city`, `pn_state`, `pn_zip`, `pn_email`, `pn_url`, `pn_comments`) VALUES (19, 'Schering-Plough Corporation', '(908) 298-4000', '2000 Galloping Hill Road', 'Kenilworth', 'NJ', '07033-0530', '', 'http://www.schering-plough.com/main.html?Y', '');
INSERT INTO `pn_rx_company` (`pn_comp_id`, `pn_name`, `pn_phone`, `pn_street`, `pn_city`, `pn_state`, `pn_zip`, `pn_email`, `pn_url`, `pn_comments`) VALUES (20, 'Akorn', '(800) 535-7155', '2500 Millbrook Drive', 'Buffalo Grove', 'IL', '60089', '', 'http://www.akorn.com', '');
INSERT INTO `pn_rx_company` (`pn_comp_id`, `pn_name`, `pn_phone`, `pn_street`, `pn_city`, `pn_state`, `pn_zip`, `pn_email`, `pn_url`, `pn_comments`) VALUES (21, 'Fougera', '(800) 645-9833', '60 Baylis Rd.', 'Melville', 'NY', '11747', '', 'http://www.fougera.com', '');
INSERT INTO `pn_rx_company` (`pn_comp_id`, `pn_name`, `pn_phone`, `pn_street`, `pn_city`, `pn_state`, `pn_zip`, `pn_email`, `pn_url`, `pn_comments`) VALUES (22, 'Pfizer', '(212) 733-2323', '235 East 42nd Street', 'New York', 'NY', '10017', '', 'http://www.pfizer.com/do/diseases/mn_eyecare.html', '');
INSERT INTO `pn_rx_company` (`pn_comp_id`, `pn_name`, `pn_phone`, `pn_street`, `pn_city`, `pn_state`, `pn_zip`, `pn_email`, `pn_url`, `pn_comments`) VALUES (23, 'MedPointe Pharmaceuticals', '(732) 564-2200', '265 Davidson Avenue, Suite 300', 'Somerset', 'NJ', '08873-4120', '', 'http://www.medpointeinc.com/', '');
INSERT INTO `pn_rx_company` (`pn_comp_id`, `pn_name`, `pn_phone`, `pn_street`, `pn_city`, `pn_state`, `pn_zip`, `pn_email`, `pn_url`, `pn_comments`) VALUES (24, 'Inspire Pharmaceuticals', '(919) 941-9777', '422 Emperor Blvd., Suite 200', 'Durham', 'NC', '27703', '', 'www.inspirepharm.com', '');
INSERT INTO `pn_rx_company` (`pn_comp_id`, `pn_name`, `pn_phone`, `pn_street`, `pn_city`, `pn_state`, `pn_zip`, `pn_email`, `pn_url`, `pn_comments`) VALUES (25, 'GlaxoSmithKline', '', '', '', '', '', '', '', '');
INSERT INTO `pn_rx_meds` (`pn_med_id`, `pn_trade`, `pn_comp_id`, `pn_medType1`, `pn_medType2`, `pn_preg`, `pn_schedule`, `pn_generic`, `pn_image1`, `pn_image2`, `pn_dose`, `pn_peds`, `pn_ped_text`, `pn_nurse`, `pn_pres_id1`, `pn_pres_id2`, `pn_comments`, `pn_rxInfo`, `pn_med_url`, `pn_updated`, `pn_display`, `pn_conc1`, `pn_chem_id1`, `pn_moa_id1`, `pn_conc2`, `pn_chem_id2`, `pn_moa_id2`, `pn_conc3`, `pn_chem_id3`, `pn_moa_id3`, `pn_conc4`, `pn_chem_id4`, `pn_moa_id4`, `pn_form1`, `pn_size1`, `pn_cost1`, `pn_form2`, `pn_size2`, `pn_cost2`, `pn_form3`, `pn_size3`, `pn_cost3`, `pn_form4`, `pn_size4`, `pn_cost4`) VALUES (7, 'PATANOL ®', 2, 'allergy', '', 'C', '', 'no', 'patanol.gif', '', '1 gtt bid', '3', 'years', 'Not established', 1, 0, '', 'pdf/Patanol.pdf', 'http://www.patanol.com/pat_pres.html', '1/15/2004', 'true', '0.1%', 6, 4, '', 0, 0, '', 0, 0, '', 0, 0, 'solution', '5 mL', '$61.99', '', '', '', '', '', '', '', '', '');
INSERT INTO `pn_rx_meds` (`pn_med_id`, `pn_trade`, `pn_comp_id`, `pn_medType1`, `pn_medType2`, `pn_preg`, `pn_schedule`, `pn_generic`, `pn_image1`, `pn_image2`, `pn_dose`, `pn_peds`, `pn_ped_text`, `pn_nurse`, `pn_pres_id1`, `pn_pres_id2`, `pn_comments`, `pn_rxInfo`, `pn_med_url`, `pn_updated`, `pn_display`, `pn_conc1`, `pn_chem_id1`, `pn_moa_id1`, `pn_conc2`, `pn_chem_id2`, `pn_moa_id2`, `pn_conc3`, `pn_chem_id3`, `pn_moa_id3`, `pn_conc4`, `pn_chem_id4`, `pn_moa_id4`, `pn_form1`, `pn_size1`, `pn_cost1`, `pn_form2`, `pn_size2`, `pn_cost2`, `pn_form3`, `pn_size3`, `pn_cost3`, `pn_form4`, `pn_size4`, `pn_cost4`) VALUES (8, 'CILOXAN ® gtts', 2, 'anti-infective', 'antibiotic', 'C', '', 'yes', 'ciloxan.gif', '', 'The recommended dosage regimen for the treatment of corneal ulcers is: Two drops into the affected eye every 15 minutes for the first six hours and then two drops into the affected eye every 30 minutes for the remainder of the first day. On the second day, instill two drops in the affected eye hourly. On the third through the fourteenth day, place two drops in the affected eye every four hours. Treatment may be continued after 14 days if corneal re-epithelialization has not occurred.<br /><br />The recommended dosage regimen for the treatment of bacterial conjunctivitis is: One or two drops instilled into the conjunctival sac(s) every two hours while awake for two days and one or two drops every four hours while awake for the next five days. \r\n', '1', 'years', 'Not established', 1, 0, '', 'pdf/Ciloxan.pdf', 'http://www.alconlabs.com/us/eo/conditions/B1_CiloxanInfo.jhtml', '10/2/2004', 'true', '0.3%', 23, 15, '', 0, 0, '', 0, 0, '', 0, 0, 'solution', '2.5 mL', '$27.79', 'solution', '5 mL', '$47.92', '', '', '', '', '', '');
INSERT INTO `pn_rx_meds` (`pn_med_id`, `pn_trade`, `pn_comp_id`, `pn_medType1`, `pn_medType2`, `pn_preg`, `pn_schedule`, `pn_generic`, `pn_image1`, `pn_image2`, `pn_dose`, `pn_peds`, `pn_ped_text`, `pn_nurse`, `pn_pres_id1`, `pn_pres_id2`, `pn_comments`, `pn_rxInfo`, `pn_med_url`, `pn_updated`, `pn_display`, `pn_conc1`, `pn_chem_id1`, `pn_moa_id1`, `pn_conc2`, `pn_chem_id2`, `pn_moa_id2`, `pn_conc3`, `pn_chem_id3`, `pn_moa_id3`, `pn_conc4`, `pn_chem_id4`, `pn_moa_id4`, `pn_form1`, `pn_size1`, `pn_cost1`, `pn_form2`, `pn_size2`, `pn_cost2`, `pn_form3`, `pn_size3`, `pn_cost3`, `pn_form4`, `pn_size4`, `pn_cost4`) VALUES (9, 'TOBRADEX ® gtts', 2, 'combo steroid / antibiotic', '', 'C', '', 'no', 'tobradex.gif', '', 'One or two drops instilled into the conjunctival sac(s) every four to six hours. During the initial 24 to 48 hours, the dosage may be increased to one or two drops every two (2) hours. Frequency should be decreased gradually as warranted by improvement in clinical signs. Care should be taken not to discontinue therapy prematurely. ', 'Not Established', '', 'Not established', 1, 0, '', 'pdf/Tobradex.pdf', 'http://www.alconlabs.com/us/aj/products/RxTher/A23_TobraDexInfo.jhtml', '1/15/2004', 'true', '0.3%', 25, 3, '0.1%', 44, 11, '', 0, 0, '', 0, 0, 'suspension', '2.5 mL', '$27.78', 'suspension', '5 mL', '$48.08', 'suspension', '10 mL', '$91.25', '', '', '');
INSERT INTO `pn_rx_meds` (`pn_med_id`, `pn_trade`, `pn_comp_id`, `pn_medType1`, `pn_medType2`, `pn_preg`, `pn_schedule`, `pn_generic`, `pn_image1`, `pn_image2`, `pn_dose`, `pn_peds`, `pn_ped_text`, `pn_nurse`, `pn_pres_id1`, `pn_pres_id2`, `pn_comments`, `pn_rxInfo`, `pn_med_url`, `pn_updated`, `pn_display`, `pn_conc1`, `pn_chem_id1`, `pn_moa_id1`, `pn_conc2`, `pn_chem_id2`, `pn_moa_id2`, `pn_conc3`, `pn_chem_id3`, `pn_moa_id3`, `pn_conc4`, `pn_chem_id4`, `pn_moa_id4`, `pn_form1`, `pn_size1`, `pn_cost1`, `pn_form2`, `pn_size2`, `pn_cost2`, `pn_form3`, `pn_size3`, `pn_cost3`, `pn_form4`, `pn_size4`, `pn_cost4`) VALUES (10, 'ALOMIDE ®', 2, 'allergy', '', 'B', '', 'no', 'alomide.gif', '', '1-2 drops q.i.d.', '2', 'years', 'Not established', 1, 0, '', 'pdf/Alomide.pdf', 'http://www.alconlabs.com/us/aj/products/RxTher/A23_AlomideInfo.jhtml', '1/15/2004', 'true', '0.1%', 8, 6, '', 0, 0, '', 0, 0, '', 0, 0, 'solution', '10 mL', '$70.62', '', '', '', '', '', '', '', '', '');
INSERT INTO `pn_rx_meds` (`pn_med_id`, `pn_trade`, `pn_comp_id`, `pn_medType1`, `pn_medType2`, `pn_preg`, `pn_schedule`, `pn_generic`, `pn_image1`, `pn_image2`, `pn_dose`, `pn_peds`, `pn_ped_text`, `pn_nurse`, `pn_pres_id1`, `pn_pres_id2`, `pn_comments`, `pn_rxInfo`, `pn_med_url`, `pn_updated`, `pn_display`, `pn_conc1`, `pn_chem_id1`, `pn_moa_id1`, `pn_conc2`, `pn_chem_id2`, `pn_moa_id2`, `pn_conc3`, `pn_chem_id3`, `pn_moa_id3`, `pn_conc4`, `pn_chem_id4`, `pn_moa_id4`, `pn_form1`, `pn_size1`, `pn_cost1`, `pn_form2`, `pn_size2`, `pn_cost2`, `pn_form3`, `pn_size3`, `pn_cost3`, `pn_form4`, `pn_size4`, `pn_cost4`) VALUES (11, 'Naphcon A', 2, '', '', '', '', '', 'naphconA.gif', '', '', '0', '', '', 0, 0, '', 'http://', 'http://', '', 'false', '', 0, 0, '', 0, 0, '', 0, 0, '', 0, 0, '', '', '', '', '', '', '', '', '', '', '', '');
INSERT INTO `pn_rx_meds` (`pn_med_id`, `pn_trade`, `pn_comp_id`, `pn_medType1`, `pn_medType2`, `pn_preg`, `pn_schedule`, `pn_generic`, `pn_image1`, `pn_image2`, `pn_dose`, `pn_peds`, `pn_ped_text`, `pn_nurse`, `pn_pres_id1`, `pn_pres_id2`, `pn_comments`, `pn_rxInfo`, `pn_med_url`, `pn_updated`, `pn_display`, `pn_conc1`, `pn_chem_id1`, `pn_moa_id1`, `pn_conc2`, `pn_chem_id2`, `pn_moa_id2`, `pn_conc3`, `pn_chem_id3`, `pn_moa_id3`, `pn_conc4`, `pn_chem_id4`, `pn_moa_id4`, `pn_form1`, `pn_size1`, `pn_cost1`, `pn_form2`, `pn_size2`, `pn_cost2`, `pn_form3`, `pn_size3`, `pn_cost3`, `pn_form4`, `pn_size4`, `pn_cost4`) VALUES (12, 'TRAVATAN ®', 2, 'glaucoma', '', 'C', '', 'no', 'travatan.gif', '', 'The recommended dosage is one drop in the affected eye(s) once-daily in the evening.  The dosage of TRAVATAN® should not exceed once-daily since it has been shown that more frequent administration may decrease the intraocular pressure lowering effect.', 'Not Established', '', 'Not established', 1, 0, 'Reduction of intraocular pressure starts approximately 2 hours after administration, and the maximum effect is reached after 12 hours.', 'pdf/Travatan.pdf', 'http://www.travatan.com', '12/2/2004', 'true', '0.004%', 52, 24, '', 0, 0, '', 0, 0, '', 0, 0, 'solution', '2.5 mL', '$56.88', 'solution', '5.0 mL', '', '', '', '', '', '', '');
INSERT INTO `pn_rx_meds` (`pn_med_id`, `pn_trade`, `pn_comp_id`, `pn_medType1`, `pn_medType2`, `pn_preg`, `pn_schedule`, `pn_generic`, `pn_image1`, `pn_image2`, `pn_dose`, `pn_peds`, `pn_ped_text`, `pn_nurse`, `pn_pres_id1`, `pn_pres_id2`, `pn_comments`, `pn_rxInfo`, `pn_med_url`, `pn_updated`, `pn_display`, `pn_conc1`, `pn_chem_id1`, `pn_moa_id1`, `pn_conc2`, `pn_chem_id2`, `pn_moa_id2`, `pn_conc3`, `pn_chem_id3`, `pn_moa_id3`, `pn_conc4`, `pn_chem_id4`, `pn_moa_id4`, `pn_form1`, `pn_size1`, `pn_cost1`, `pn_form2`, `pn_size2`, `pn_cost2`, `pn_form3`, `pn_size3`, `pn_cost3`, `pn_form4`, `pn_size4`, `pn_cost4`) VALUES (13, 'VEXOL ®', 2, 'corticosteroids', '', 'C', '', 'no', 'vexol.gif', '', 'Post-operative inflammation<br /><br />\r\nApply 1-2 drops q.i.d. beginning 24 hours after surgery and continuing throught the first 2 weeks of the post-op period.<br /><br />\r\n\r\nAnterior Uveitis<br /><br />\r\nApply 1-2 drops q1hr while awake for the first week, 1 drop q2hrs while awake for the second week, and then taper until uveitis is resolved.', 'Not Established', '', 'Not established', 1, 0, '', 'pdf/Vexol.pdf', 'http://www.alconlabs.com/us/eo/conditions/B1_Vexol.jhtml', '1/15/2004', 'true', '1.0%', 38, 11, '', 0, 0, '', 0, 0, '', 0, 0, 'suspension', '5 mL', '$28.99', 'suspension', '10 mL', '$45.99', '', '', '', '', '', '');
INSERT INTO `pn_rx_meds` (`pn_med_id`, `pn_trade`, `pn_comp_id`, `pn_medType1`, `pn_medType2`, `pn_preg`, `pn_schedule`, `pn_generic`, `pn_image1`, `pn_image2`, `pn_dose`, `pn_peds`, `pn_ped_text`, `pn_nurse`, `pn_pres_id1`, `pn_pres_id2`, `pn_comments`, `pn_rxInfo`, `pn_med_url`, `pn_updated`, `pn_display`, `pn_conc1`, `pn_chem_id1`, `pn_moa_id1`, `pn_conc2`, `pn_chem_id2`, `pn_moa_id2`, `pn_conc3`, `pn_chem_id3`, `pn_moa_id3`, `pn_conc4`, `pn_chem_id4`, `pn_moa_id4`, `pn_form1`, `pn_size1`, `pn_cost1`, `pn_form2`, `pn_size2`, `pn_cost2`, `pn_form3`, `pn_size3`, `pn_cost3`, `pn_form4`, `pn_size4`, `pn_cost4`) VALUES (14, 'BETOPTIC ® S', 2, 'glaucoma', '', 'C', '', 'no', 'betopticS.gif', '', '1-2 drops in the affected eye(s) twice daily.', 'Not Established', '', 'Not established', 1, 0, '', 'pdf/BetopticS.pdf', 'http://www.alconlabs.com/us/eo/conditions/B1_BetopticS.jhtml', '1/15/2004', 'true', '0.25%', 54, 2, '', 0, 0, '', 0, 0, '', 0, 0, 'solution', '2.5 mL', '$19.12', 'solution', '5 mL', '$35.13', 'solution', '10 mL', '$65.92', 'solution', '15 mL', '$97.85');
INSERT INTO `pn_rx_meds` (`pn_med_id`, `pn_trade`, `pn_comp_id`, `pn_medType1`, `pn_medType2`, `pn_preg`, `pn_schedule`, `pn_generic`, `pn_image1`, `pn_image2`, `pn_dose`, `pn_peds`, `pn_ped_text`, `pn_nurse`, `pn_pres_id1`, `pn_pres_id2`, `pn_comments`, `pn_rxInfo`, `pn_med_url`, `pn_updated`, `pn_display`, `pn_conc1`, `pn_chem_id1`, `pn_moa_id1`, `pn_conc2`, `pn_chem_id2`, `pn_moa_id2`, `pn_conc3`, `pn_chem_id3`, `pn_moa_id3`, `pn_conc4`, `pn_chem_id4`, `pn_moa_id4`, `pn_form1`, `pn_size1`, `pn_cost1`, `pn_form2`, `pn_size2`, `pn_cost2`, `pn_form3`, `pn_size3`, `pn_cost3`, `pn_form4`, `pn_size4`, `pn_cost4`) VALUES (15, 'AZOPT ®', 2, 'glaucoma', '', 'C', '', 'no', 'azopt.gif', '', 'One drop in the affected eye(s) t.i.d.  Shake well before use.', 'Not Established', '', 'Not established in humans.  Also see under "Comments"', 1, 0, 'In a study of brinzolamide in lactating rats, decreases in body wegith gain in offspring at an oral dose of 15 mg/kg/day (312 times the recommended human ophthalmic dose) were seen during lactation.  It is not known whether this drug is excreted in human milk.', 'pdf/Azopt.pdf', 'http://www.azopt.com', '1/15/2004', 'true', '1%', 56, 5, '', 0, 0, '', 0, 0, '', 0, 0, 'suspension', '5 mL', '$29.38', 'suspension', '10 mL', '$57.66', 'suspension', '15 mL', '$86.00', '', '', '');
INSERT INTO `pn_rx_meds` (`pn_med_id`, `pn_trade`, `pn_comp_id`, `pn_medType1`, `pn_medType2`, `pn_preg`, `pn_schedule`, `pn_generic`, `pn_image1`, `pn_image2`, `pn_dose`, `pn_peds`, `pn_ped_text`, `pn_nurse`, `pn_pres_id1`, `pn_pres_id2`, `pn_comments`, `pn_rxInfo`, `pn_med_url`, `pn_updated`, `pn_display`, `pn_conc1`, `pn_chem_id1`, `pn_moa_id1`, `pn_conc2`, `pn_chem_id2`, `pn_moa_id2`, `pn_conc3`, `pn_chem_id3`, `pn_moa_id3`, `pn_conc4`, `pn_chem_id4`, `pn_moa_id4`, `pn_form1`, `pn_size1`, `pn_cost1`, `pn_form2`, `pn_size2`, `pn_cost2`, `pn_form3`, `pn_size3`, `pn_cost3`, `pn_form4`, `pn_size4`, `pn_cost4`) VALUES (16, 'VIGAMOX', 2, 'anti-infective', 'antibiotic', 'C', '', 'no', 'vigamox.gif', '', '1 drop t.i.d. for 7 days (bacterial conjunctivitis)', '1', 'years', 'Not established', 4, 0, '', 'pdf/Vigamox.pdf', 'http://', '1/15/2004', 'true', '0.5%', 21, 15, '', 0, 0, '', 0, 0, '', 0, 0, 'solution', '3 mL', 'not available', '', '', '', '', '', '', '', '', '');
INSERT INTO `pn_rx_meds` (`pn_med_id`, `pn_trade`, `pn_comp_id`, `pn_medType1`, `pn_medType2`, `pn_preg`, `pn_schedule`, `pn_generic`, `pn_image1`, `pn_image2`, `pn_dose`, `pn_peds`, `pn_ped_text`, `pn_nurse`, `pn_pres_id1`, `pn_pres_id2`, `pn_comments`, `pn_rxInfo`, `pn_med_url`, `pn_updated`, `pn_display`, `pn_conc1`, `pn_chem_id1`, `pn_moa_id1`, `pn_conc2`, `pn_chem_id2`, `pn_moa_id2`, `pn_conc3`, `pn_chem_id3`, `pn_moa_id3`, `pn_conc4`, `pn_chem_id4`, `pn_moa_id4`, `pn_form1`, `pn_size1`, `pn_cost1`, `pn_form2`, `pn_size2`, `pn_cost2`, `pn_form3`, `pn_size3`, `pn_cost3`, `pn_form4`, `pn_size4`, `pn_cost4`) VALUES (17, 'OPTICROM ®', 3, 'allergy', '', 'B', '', 'yes', 'Opticrom.gif', '', '1-2 drops 4-6 times daily', '4', 'years', 'Not established', 1, 0, '', 'http://www.fda.gov/cder/foi/label/2001/18155s22lbl.pdf', 'http://', '1/14/2004', 'true', '4.0%', 9, 6, '', 0, 0, '', 0, 0, '', 0, 0, 'solution', '10 mL', '$52.99', '', '', '', '', '', '', '', '', '');
INSERT INTO `pn_rx_meds` (`pn_med_id`, `pn_trade`, `pn_comp_id`, `pn_medType1`, `pn_medType2`, `pn_preg`, `pn_schedule`, `pn_generic`, `pn_image1`, `pn_image2`, `pn_dose`, `pn_peds`, `pn_ped_text`, `pn_nurse`, `pn_pres_id1`, `pn_pres_id2`, `pn_comments`, `pn_rxInfo`, `pn_med_url`, `pn_updated`, `pn_display`, `pn_conc1`, `pn_chem_id1`, `pn_moa_id1`, `pn_conc2`, `pn_chem_id2`, `pn_moa_id2`, `pn_conc3`, `pn_chem_id3`, `pn_moa_id3`, `pn_conc4`, `pn_chem_id4`, `pn_moa_id4`, `pn_form1`, `pn_size1`, `pn_cost1`, `pn_form2`, `pn_size2`, `pn_cost2`, `pn_form3`, `pn_size3`, `pn_cost3`, `pn_form4`, `pn_size4`, `pn_cost4`) VALUES (18, 'Livostin ®', 11, 'allergy', '', 'C', '', 'no', 'livostin.gif', '', '1 drop b.i.d., but up to q.i.d.', '12', 'years', 'Not established', 1, 0, '<font color="red">This medicine has been discontinued and is no longer available in all pharmacies</font>', 'pdf/Livostin.pdf', 'http://www.novartisophthalmics.ca/e/popups/livostin_scrip_e.', '8/5/2005', 'true', '0.05%', 11, 10, '', 0, 0, '', 0, 0, '', 0, 0, 'suspension', '5 mL', '$49.99', 'suspension', '10 mL', '$72.99', '', '', '', '', '', '');
INSERT INTO `pn_rx_meds` (`pn_med_id`, `pn_trade`, `pn_comp_id`, `pn_medType1`, `pn_medType2`, `pn_preg`, `pn_schedule`, `pn_generic`, `pn_image1`, `pn_image2`, `pn_dose`, `pn_peds`, `pn_ped_text`, `pn_nurse`, `pn_pres_id1`, `pn_pres_id2`, `pn_comments`, `pn_rxInfo`, `pn_med_url`, `pn_updated`, `pn_display`, `pn_conc1`, `pn_chem_id1`, `pn_moa_id1`, `pn_conc2`, `pn_chem_id2`, `pn_moa_id2`, `pn_conc3`, `pn_chem_id3`, `pn_moa_id3`, `pn_conc4`, `pn_chem_id4`, `pn_moa_id4`, `pn_form1`, `pn_size1`, `pn_cost1`, `pn_form2`, `pn_size2`, `pn_cost2`, `pn_form3`, `pn_size3`, `pn_cost3`, `pn_form4`, `pn_size4`, `pn_cost4`) VALUES (21, 'CROLOM ®', 4, 'allergy', '', 'B', '', 'yes', '', '', '1-2 drops 4-6 times daily', '4', 'years', 'Not established', 1, 0, '', 'http://', 'http://', '1/15/2004', 'true', '4.0%', 9, 6, '', 0, 0, '', 0, 0, '', 0, 0, 'solution', '10 mL', '$45.99', '', '', '', '', '', '', '', '', '');
INSERT INTO `pn_rx_meds` (`pn_med_id`, `pn_trade`, `pn_comp_id`, `pn_medType1`, `pn_medType2`, `pn_preg`, `pn_schedule`, `pn_generic`, `pn_image1`, `pn_image2`, `pn_dose`, `pn_peds`, `pn_ped_text`, `pn_nurse`, `pn_pres_id1`, `pn_pres_id2`, `pn_comments`, `pn_rxInfo`, `pn_med_url`, `pn_updated`, `pn_display`, `pn_conc1`, `pn_chem_id1`, `pn_moa_id1`, `pn_conc2`, `pn_chem_id2`, `pn_moa_id2`, `pn_conc3`, `pn_chem_id3`, `pn_moa_id3`, `pn_conc4`, `pn_chem_id4`, `pn_moa_id4`, `pn_form1`, `pn_size1`, `pn_cost1`, `pn_form2`, `pn_size2`, `pn_cost2`, `pn_form3`, `pn_size3`, `pn_cost3`, `pn_form4`, `pn_size4`, `pn_cost4`) VALUES (22, 'EMADINE ®', 2, 'allergy', '', 'B', '', 'no', 'emadine.gif', '', '1 drop up to q.i.d.', '3', 'years', 'Not established', 1, 0, '', 'pdf/Emadine.pdf', 'http://www.alconlabs.com/us/aj/products/RxTher/A23_EmadineInfo.jhtml', '1/15/2004', 'true', '0.05%', 12, 10, '', 0, 0, '', 0, 0, '', 0, 0, 'solution', '5 mL', '$52.42', '', '', '', '', '', '', '', '', '');
INSERT INTO `pn_rx_meds` (`pn_med_id`, `pn_trade`, `pn_comp_id`, `pn_medType1`, `pn_medType2`, `pn_preg`, `pn_schedule`, `pn_generic`, `pn_image1`, `pn_image2`, `pn_dose`, `pn_peds`, `pn_ped_text`, `pn_nurse`, `pn_pres_id1`, `pn_pres_id2`, `pn_comments`, `pn_rxInfo`, `pn_med_url`, `pn_updated`, `pn_display`, `pn_conc1`, `pn_chem_id1`, `pn_moa_id1`, `pn_conc2`, `pn_chem_id2`, `pn_moa_id2`, `pn_conc3`, `pn_chem_id3`, `pn_moa_id3`, `pn_conc4`, `pn_chem_id4`, `pn_moa_id4`, `pn_form1`, `pn_size1`, `pn_cost1`, `pn_form2`, `pn_size2`, `pn_cost2`, `pn_form3`, `pn_size3`, `pn_cost3`, `pn_form4`, `pn_size4`, `pn_cost4`) VALUES (23, 'ALAMAST ®', 9, 'allergy', '', 'C', '', 'no', 'alamast2.gif', '', '1-2 drops up to q.i.d.', '3', 'years', 'Not established', 3, 0, 'Price from Walgreens.com', 'pdf/alamast.pdf', 'http://www.alamast.com/', '1/15/2004', 'true', '0.1%', 13, 6, '', 0, 0, '', 0, 0, '', 0, 0, 'solution', '10 mL', '$62.99', '', '', '', '', '', '', '', '', '');
INSERT INTO `pn_rx_meds` (`pn_med_id`, `pn_trade`, `pn_comp_id`, `pn_medType1`, `pn_medType2`, `pn_preg`, `pn_schedule`, `pn_generic`, `pn_image1`, `pn_image2`, `pn_dose`, `pn_peds`, `pn_ped_text`, `pn_nurse`, `pn_pres_id1`, `pn_pres_id2`, `pn_comments`, `pn_rxInfo`, `pn_med_url`, `pn_updated`, `pn_display`, `pn_conc1`, `pn_chem_id1`, `pn_moa_id1`, `pn_conc2`, `pn_chem_id2`, `pn_moa_id2`, `pn_conc3`, `pn_chem_id3`, `pn_moa_id3`, `pn_conc4`, `pn_chem_id4`, `pn_moa_id4`, `pn_form1`, `pn_size1`, `pn_cost1`, `pn_form2`, `pn_size2`, `pn_cost2`, `pn_form3`, `pn_size3`, `pn_cost3`, `pn_form4`, `pn_size4`, `pn_cost4`) VALUES (24, 'ALOCRIL ®', 3, 'allergy', '', 'B', '', 'no', 'alocril.gif', '', '1-2 drops b.i.d.', '3', 'years', 'Not established', 1, 0, '', 'pdf/Alocril.pdf', 'http://www.alocril.com/', '1/14/2004', 'true', '2.0%', 14, 6, '', 0, 0, '', 0, 0, '', 0, 0, 'solution', '5 mL', '$62.99', '', '', '', '', '', '', '', '', '');
INSERT INTO `pn_rx_meds` (`pn_med_id`, `pn_trade`, `pn_comp_id`, `pn_medType1`, `pn_medType2`, `pn_preg`, `pn_schedule`, `pn_generic`, `pn_image1`, `pn_image2`, `pn_dose`, `pn_peds`, `pn_ped_text`, `pn_nurse`, `pn_pres_id1`, `pn_pres_id2`, `pn_comments`, `pn_rxInfo`, `pn_med_url`, `pn_updated`, `pn_display`, `pn_conc1`, `pn_chem_id1`, `pn_moa_id1`, `pn_conc2`, `pn_chem_id2`, `pn_moa_id2`, `pn_conc3`, `pn_chem_id3`, `pn_moa_id3`, `pn_conc4`, `pn_chem_id4`, `pn_moa_id4`, `pn_form1`, `pn_size1`, `pn_cost1`, `pn_form2`, `pn_size2`, `pn_cost2`, `pn_form3`, `pn_size3`, `pn_cost3`, `pn_form4`, `pn_size4`, `pn_cost4`) VALUES (25, 'Zaditor', 11, 'allergy', '', 'C', '', 'no', 'zaditor_box.gif', 'zaditor.gif', '1 drop b.i.d.', '3', '', 'not established', 1, 0, '', 'pdf/Zaditor.pdf', 'http://www.us.novartisophthalmics.com/zaditor-fs.asp', '1/15/2004', 'true', '0.0025%', 15, 4, '', 0, 0, '', 0, 0, '', 0, 0, 'solution', '5 mL', '$48.99', '', '', '', '', '', '', '', '', '');
INSERT INTO `pn_rx_meds` (`pn_med_id`, `pn_trade`, `pn_comp_id`, `pn_medType1`, `pn_medType2`, `pn_preg`, `pn_schedule`, `pn_generic`, `pn_image1`, `pn_image2`, `pn_dose`, `pn_peds`, `pn_ped_text`, `pn_nurse`, `pn_pres_id1`, `pn_pres_id2`, `pn_comments`, `pn_rxInfo`, `pn_med_url`, `pn_updated`, `pn_display`, `pn_conc1`, `pn_chem_id1`, `pn_moa_id1`, `pn_conc2`, `pn_chem_id2`, `pn_moa_id2`, `pn_conc3`, `pn_chem_id3`, `pn_moa_id3`, `pn_conc4`, `pn_chem_id4`, `pn_moa_id4`, `pn_form1`, `pn_size1`, `pn_cost1`, `pn_form2`, `pn_size2`, `pn_cost2`, `pn_form3`, `pn_size3`, `pn_cost3`, `pn_form4`, `pn_size4`, `pn_cost4`) VALUES (26, 'OPTIVAR ®', 23, 'allergy', '', 'C', '', 'no', 'optivar.gif', '', '1 drop b.i.d', '3', 'years', 'Not established', 1, 0, 'Also inhibits eosinophil chemotaxis', 'http://', 'http://www.optivar.com/index.html', '1/15/2004', 'true', '0.05%', 16, 4, '', 0, 0, '', 0, 0, '', 0, 0, 'solution', '6 mL', '$59.07', '', '', '', '', '', '', '', '', '');
INSERT INTO `pn_rx_meds` (`pn_med_id`, `pn_trade`, `pn_comp_id`, `pn_medType1`, `pn_medType2`, `pn_preg`, `pn_schedule`, `pn_generic`, `pn_image1`, `pn_image2`, `pn_dose`, `pn_peds`, `pn_ped_text`, `pn_nurse`, `pn_pres_id1`, `pn_pres_id2`, `pn_comments`, `pn_rxInfo`, `pn_med_url`, `pn_updated`, `pn_display`, `pn_conc1`, `pn_chem_id1`, `pn_moa_id1`, `pn_conc2`, `pn_chem_id2`, `pn_moa_id2`, `pn_conc3`, `pn_chem_id3`, `pn_moa_id3`, `pn_conc4`, `pn_chem_id4`, `pn_moa_id4`, `pn_form1`, `pn_size1`, `pn_cost1`, `pn_form2`, `pn_size2`, `pn_cost2`, `pn_form3`, `pn_size3`, `pn_cost3`, `pn_form4`, `pn_size4`, `pn_cost4`) VALUES (27, 'ALREX ®', 4, 'allergy', 'corticosteroids', 'C', '', 'no', 'alrex.gif', '', '1 drop q.i.d.', '0', '', 'Not established', 1, 0, 'Onset of relief begins after 2 hours', 'http://www.bausch.com/us/vision/products/alrxinsert.pdf', 'http://', '1/15/2004', 'true', '0.2%', 17, 11, '', 0, 0, '', 0, 0, '', 0, 0, 'suspension', '5 mL', '$40.86', 'suspension', '10 mL', '$66.61', '', '', '', '', '', '');
INSERT INTO `pn_rx_meds` (`pn_med_id`, `pn_trade`, `pn_comp_id`, `pn_medType1`, `pn_medType2`, `pn_preg`, `pn_schedule`, `pn_generic`, `pn_image1`, `pn_image2`, `pn_dose`, `pn_peds`, `pn_ped_text`, `pn_nurse`, `pn_pres_id1`, `pn_pres_id2`, `pn_comments`, `pn_rxInfo`, `pn_med_url`, `pn_updated`, `pn_display`, `pn_conc1`, `pn_chem_id1`, `pn_moa_id1`, `pn_conc2`, `pn_chem_id2`, `pn_moa_id2`, `pn_conc3`, `pn_chem_id3`, `pn_moa_id3`, `pn_conc4`, `pn_chem_id4`, `pn_moa_id4`, `pn_form1`, `pn_size1`, `pn_cost1`, `pn_form2`, `pn_size2`, `pn_cost2`, `pn_form3`, `pn_size3`, `pn_cost3`, `pn_form4`, `pn_size4`, `pn_cost4`) VALUES (28, 'ACULAR ®', 3, 'allergy', 'NSAID', 'C', '', 'no', 'acular.gif', '', 'The recommended dose is 1 gtt q.i.d. for relief of ocular itching due to seasonal allergic conjunctivitis.  For the treatment of postoperative inflammation in patients who have undergone cataract extraction, 1 gtt should be applied to the affected eye(s) q.i.d. beginning 24 hours after cataract surgery and continuing through the first 2 weeks of the postoperative period. ACULAR® has been safely administered in conjunction with other ophthalmic medication such as antibiotics, beta blockers, carbonic anhydrase inhibitors, cycloplegics, and mydriatics.', '3', 'years', 'Not established', 1, 0, '', 'pdf/Acular.pdf', 'http://www.allergan.com/site/products/consumers/home.asp?id=acular&amp;largeText=', '1/14/2004', 'true', '0.5%', 18, 12, '', 0, 0, '', 0, 0, '', 0, 0, 'solution', '3 mL', '$36.99', 'solution', '5 mL', '$57.99', 'solution', '10 mL', '$108.99', '', '', '');
INSERT INTO `pn_rx_meds` (`pn_med_id`, `pn_trade`, `pn_comp_id`, `pn_medType1`, `pn_medType2`, `pn_preg`, `pn_schedule`, `pn_generic`, `pn_image1`, `pn_image2`, `pn_dose`, `pn_peds`, `pn_ped_text`, `pn_nurse`, `pn_pres_id1`, `pn_pres_id2`, `pn_comments`, `pn_rxInfo`, `pn_med_url`, `pn_updated`, `pn_display`, `pn_conc1`, `pn_chem_id1`, `pn_moa_id1`, `pn_conc2`, `pn_chem_id2`, `pn_moa_id2`, `pn_conc3`, `pn_chem_id3`, `pn_moa_id3`, `pn_conc4`, `pn_chem_id4`, `pn_moa_id4`, `pn_form1`, `pn_size1`, `pn_cost1`, `pn_form2`, `pn_size2`, `pn_cost2`, `pn_form3`, `pn_size3`, `pn_cost3`, `pn_form4`, `pn_size4`, `pn_cost4`) VALUES (29, 'ACULAR ® PF', 3, 'NSAID', 'allergy', 'C', '', 'no', 'acularPF.gif', '', '1 drop q.i.d.', '3', 'years', 'Use caution', 4, 0, '', 'http://www.allergan.com/download/Acular_PI2002.pdf', 'http://', '1/14/2004', 'true', '0.5%', 18, 12, '', 0, 0, '', 0, 0, '', 0, 0, 'solution', '12 vials', '$44.99', '', '', '', '', '', '', '', '', '');
INSERT INTO `pn_rx_meds` (`pn_med_id`, `pn_trade`, `pn_comp_id`, `pn_medType1`, `pn_medType2`, `pn_preg`, `pn_schedule`, `pn_generic`, `pn_image1`, `pn_image2`, `pn_dose`, `pn_peds`, `pn_ped_text`, `pn_nurse`, `pn_pres_id1`, `pn_pres_id2`, `pn_comments`, `pn_rxInfo`, `pn_med_url`, `pn_updated`, `pn_display`, `pn_conc1`, `pn_chem_id1`, `pn_moa_id1`, `pn_conc2`, `pn_chem_id2`, `pn_moa_id2`, `pn_conc3`, `pn_chem_id3`, `pn_moa_id3`, `pn_conc4`, `pn_chem_id4`, `pn_moa_id4`, `pn_form1`, `pn_size1`, `pn_cost1`, `pn_form2`, `pn_size2`, `pn_cost2`, `pn_form3`, `pn_size3`, `pn_cost3`, `pn_form4`, `pn_size4`, `pn_cost4`) VALUES (30, 'ACULAR LS', 3, 'NSAID', '', 'C', '', 'no', 'AcularLS.gif', '', '1 drop q.i.d.', '3', 'years', 'Use caution', 1, 0, 'Received approval May 30, 2003.  Availability expected 3rd quarter of 2003.  Instillation should be more comfortable than 0.5% concentration.  Indication is for the reduction of pain and burning/stinging following corneal refractive surgery.', 'http://www.fda.gov/cder/foi/label/2003/21528_acular_lbl.pdf', 'http://', '1/14/2004', 'true', '0.4%', 18, 12, '', 0, 0, '', 0, 0, '', 0, 0, 'solution', '5 mL', 'not available', '', '', '', '', '', '', '', '', '');
INSERT INTO `pn_rx_meds` (`pn_med_id`, `pn_trade`, `pn_comp_id`, `pn_medType1`, `pn_medType2`, `pn_preg`, `pn_schedule`, `pn_generic`, `pn_image1`, `pn_image2`, `pn_dose`, `pn_peds`, `pn_ped_text`, `pn_nurse`, `pn_pres_id1`, `pn_pres_id2`, `pn_comments`, `pn_rxInfo`, `pn_med_url`, `pn_updated`, `pn_display`, `pn_conc1`, `pn_chem_id1`, `pn_moa_id1`, `pn_conc2`, `pn_chem_id2`, `pn_moa_id2`, `pn_conc3`, `pn_chem_id3`, `pn_moa_id3`, `pn_conc4`, `pn_chem_id4`, `pn_moa_id4`, `pn_form1`, `pn_size1`, `pn_cost1`, `pn_form2`, `pn_size2`, `pn_cost2`, `pn_form3`, `pn_size3`, `pn_cost3`, `pn_form4`, `pn_size4`, `pn_cost4`) VALUES (31, 'VIROPTIC ®', 10, 'anti-infective', 'antiviral', 'C', '', 'yes', 'Viroptic.gif', '', 'Instill one drop of VIROPTIC® Ophthalmic Solution, 1% onto the cornea of the affected eye every 2 hours while awake for a maximum daily dosage of nine drops until the corneal ulcer has completely re-epithelialized. Following re-epithelialization, treatment for an additional 7 days of one drop every 4 hours while awake for a minimum daily dosage of five drops is recommended.\r\n\r\nIf there are no signs of improvement after 7 days of therapy or complete re-epithelialization has not occurred after 14 days of therapy, other forms of therapy should be considered. Continuous administration of VIROPTIC® for periods exceeding 21 days should be avoided because of potential ocular toxicity. ', '6', 'years', 'Use caution', 2, 0, 'Store under refrigeration, 2-8 degrees Celsius (36-46 degrees Fahrenheit). <br /><br />Manufactured by Catalytica Pharmaceuticals, Inc. (Greenville, NC) for Monarch Pharmaceuticals (a wholly owned subsidiary of King Pharmaceuticals).', 'http://www.kingpharm.com/uploads/pdf_inserts/Viroptic_PI.pdf', 'http://www.kingpharm.com/product_view.asp?KP_Product_ID=12', '1/15/2004', 'true', '1.0%', 19, 14, '', 0, 0, '', 0, 0, '', 0, 0, 'solution', '7.5 mL', '$96.99', '', '', '', '', '', '', '', '', '');
INSERT INTO `pn_rx_meds` (`pn_med_id`, `pn_trade`, `pn_comp_id`, `pn_medType1`, `pn_medType2`, `pn_preg`, `pn_schedule`, `pn_generic`, `pn_image1`, `pn_image2`, `pn_dose`, `pn_peds`, `pn_ped_text`, `pn_nurse`, `pn_pres_id1`, `pn_pres_id2`, `pn_comments`, `pn_rxInfo`, `pn_med_url`, `pn_updated`, `pn_display`, `pn_conc1`, `pn_chem_id1`, `pn_moa_id1`, `pn_conc2`, `pn_chem_id2`, `pn_moa_id2`, `pn_conc3`, `pn_chem_id3`, `pn_moa_id3`, `pn_conc4`, `pn_chem_id4`, `pn_moa_id4`, `pn_form1`, `pn_size1`, `pn_cost1`, `pn_form2`, `pn_size2`, `pn_cost2`, `pn_form3`, `pn_size3`, `pn_cost3`, `pn_form4`, `pn_size4`, `pn_cost4`) VALUES (32, 'Vira-A ®', 17, 'anti-infective', 'antiviral', 'C', '', 'no', '', '', '1/2" tape into lower conjunctival sac 5X/day until re-epithelialization', '2', 'years', 'Not established', 5, 0, '<font color="red">Discontinued by manufacturer.</font>', 'http://', 'http://', '1/15/2004', 'true', '3.0%', 20, 14, '', 0, 0, '', 0, 0, '', 0, 0, 'ointment', '3.5 g', '$30.99', '', '', '', '', '', '', '', '', '');
INSERT INTO `pn_rx_meds` (`pn_med_id`, `pn_trade`, `pn_comp_id`, `pn_medType1`, `pn_medType2`, `pn_preg`, `pn_schedule`, `pn_generic`, `pn_image1`, `pn_image2`, `pn_dose`, `pn_peds`, `pn_ped_text`, `pn_nurse`, `pn_pres_id1`, `pn_pres_id2`, `pn_comments`, `pn_rxInfo`, `pn_med_url`, `pn_updated`, `pn_display`, `pn_conc1`, `pn_chem_id1`, `pn_moa_id1`, `pn_conc2`, `pn_chem_id2`, `pn_moa_id2`, `pn_conc3`, `pn_chem_id3`, `pn_moa_id3`, `pn_conc4`, `pn_chem_id4`, `pn_moa_id4`, `pn_form1`, `pn_size1`, `pn_cost1`, `pn_form2`, `pn_size2`, `pn_cost2`, `pn_form3`, `pn_size3`, `pn_cost3`, `pn_form4`, `pn_size4`, `pn_cost4`) VALUES (33, 'ZYMAR', 3, 'anti-infective', 'antibiotic', 'C', '', 'no', 'zymar.gif', '', '1 drop q2hrs up to 8X/day on days 1-2; 1 drop q.i.d. on days 3-7 (bacterial conjunctivitis)', '1', '', 'not established', 1, 0, '', 'http://www.allergan.com/download/Zymar_PI.pdf', 'http://www.zymar.com', '1/14/2004', 'true', '0.3%', 22, 15, '', 0, 0, '', 0, 0, '', 0, 0, 'solution', '2.5 mL', 'not available', 'solution', '5 mL', 'not available', '', '', '', '', '', '');
INSERT INTO `pn_rx_meds` (`pn_med_id`, `pn_trade`, `pn_comp_id`, `pn_medType1`, `pn_medType2`, `pn_preg`, `pn_schedule`, `pn_generic`, `pn_image1`, `pn_image2`, `pn_dose`, `pn_peds`, `pn_ped_text`, `pn_nurse`, `pn_pres_id1`, `pn_pres_id2`, `pn_comments`, `pn_rxInfo`, `pn_med_url`, `pn_updated`, `pn_display`, `pn_conc1`, `pn_chem_id1`, `pn_moa_id1`, `pn_conc2`, `pn_chem_id2`, `pn_moa_id2`, `pn_conc3`, `pn_chem_id3`, `pn_moa_id3`, `pn_conc4`, `pn_chem_id4`, `pn_moa_id4`, `pn_form1`, `pn_size1`, `pn_cost1`, `pn_form2`, `pn_size2`, `pn_cost2`, `pn_form3`, `pn_size3`, `pn_cost3`, `pn_form4`, `pn_size4`, `pn_cost4`) VALUES (35, 'OCUFLOX ®', 3, 'anti-infective', 'antibiotic', 'C', '', 'yes', 'ocuflox.gif', '', 'Bacterial conjunctivitis. Days 1 and 2:\r\nInstill 1 to 2 drops into the affected eye(s) every 2 to 4 hours. Days 3 through 7: Instill 1 to 2 drops 4 times daily.<br /><br />Corneal ulcers. Days 1 and 2: Instill 1 to 2 drops into the affected eye(s) every 30 minutes while awake.\r\nAwaken at approximately 4 and 6 hours after retiring and instill 1 to 2 drops. Days 3 through 7 to 9:\r\nInstill 1 to 2 drops hourly while awake. Days 7 to 9 through treatment completion: Instill 1 to 2 drops 4 times daily.\r\n', '1', 'years', 'Not established', 1, 0, '', 'pdf/Ocuflox.pdf', '', '8/6/2004', 'true', '0.3%', 24, 15, '', 0, 0, '', 0, 0, '', 0, 0, 'solution', '1 mL', 'not available', 'solution', '5 mL', '$43.04', 'solution', '10 mL', '$80.04', '', '', '');
INSERT INTO `pn_rx_meds` (`pn_med_id`, `pn_trade`, `pn_comp_id`, `pn_medType1`, `pn_medType2`, `pn_preg`, `pn_schedule`, `pn_generic`, `pn_image1`, `pn_image2`, `pn_dose`, `pn_peds`, `pn_ped_text`, `pn_nurse`, `pn_pres_id1`, `pn_pres_id2`, `pn_comments`, `pn_rxInfo`, `pn_med_url`, `pn_updated`, `pn_display`, `pn_conc1`, `pn_chem_id1`, `pn_moa_id1`, `pn_conc2`, `pn_chem_id2`, `pn_moa_id2`, `pn_conc3`, `pn_chem_id3`, `pn_moa_id3`, `pn_conc4`, `pn_chem_id4`, `pn_moa_id4`, `pn_form1`, `pn_size1`, `pn_cost1`, `pn_form2`, `pn_size2`, `pn_cost2`, `pn_form3`, `pn_size3`, `pn_cost3`, `pn_form4`, `pn_size4`, `pn_cost4`) VALUES (34, 'CILOXAN ® ung', 2, 'anti-infective', 'antibiotic', 'C', '', 'no', 'ciloxanUng.gif', '', 'Apply a 1/2" ribbon into the conjunctival sac three times a day on the first two days, then apply a 1/2" ribbon two times a day for the next five days. ', '2', 'years', 'Not established', 4, 0, 'Pricing from Walgreens.com', 'pdf/CiloxanUng.pdf', 'http://www.alconlabs.com/us/eo/conditions/CiloxanOintInfo.jhtml', '1/15/2004', 'true', '0.3%', 23, 15, '', 0, 0, '', 0, 0, '', 0, 0, 'ointment', '3.5 g', '$63.99', '', '', '', '', '', '', '', '', '');
INSERT INTO `pn_rx_meds` (`pn_med_id`, `pn_trade`, `pn_comp_id`, `pn_medType1`, `pn_medType2`, `pn_preg`, `pn_schedule`, `pn_generic`, `pn_image1`, `pn_image2`, `pn_dose`, `pn_peds`, `pn_ped_text`, `pn_nurse`, `pn_pres_id1`, `pn_pres_id2`, `pn_comments`, `pn_rxInfo`, `pn_med_url`, `pn_updated`, `pn_display`, `pn_conc1`, `pn_chem_id1`, `pn_moa_id1`, `pn_conc2`, `pn_chem_id2`, `pn_moa_id2`, `pn_conc3`, `pn_chem_id3`, `pn_moa_id3`, `pn_conc4`, `pn_chem_id4`, `pn_moa_id4`, `pn_form1`, `pn_size1`, `pn_cost1`, `pn_form2`, `pn_size2`, `pn_cost2`, `pn_form3`, `pn_size3`, `pn_cost3`, `pn_form4`, `pn_size4`, `pn_cost4`) VALUES (36, 'TOBREX ® gtts', 2, 'anti-infective', 'antibiotic', 'B', '', 'yes', 'tobrex.gif', '', 'For mild to moderate infections: Adults and children, One drop every four hours.<br /><br />For severe infections: Adults and children, One drop every hour until improvement occurs. ', '2', 'months', 'Not established', 1, 0, '', 'pdf/Tobrex.pdf', 'http://', '1/15/2004', 'true', '0.3%', 25, 3, '', 0, 0, '', 0, 0, '', 0, 0, 'solution', '5 mL', '$39.14', '', '', '', '', '', '', '', '', '');
INSERT INTO `pn_rx_meds` (`pn_med_id`, `pn_trade`, `pn_comp_id`, `pn_medType1`, `pn_medType2`, `pn_preg`, `pn_schedule`, `pn_generic`, `pn_image1`, `pn_image2`, `pn_dose`, `pn_peds`, `pn_ped_text`, `pn_nurse`, `pn_pres_id1`, `pn_pres_id2`, `pn_comments`, `pn_rxInfo`, `pn_med_url`, `pn_updated`, `pn_display`, `pn_conc1`, `pn_chem_id1`, `pn_moa_id1`, `pn_conc2`, `pn_chem_id2`, `pn_moa_id2`, `pn_conc3`, `pn_chem_id3`, `pn_moa_id3`, `pn_conc4`, `pn_chem_id4`, `pn_moa_id4`, `pn_form1`, `pn_size1`, `pn_cost1`, `pn_form2`, `pn_size2`, `pn_cost2`, `pn_form3`, `pn_size3`, `pn_cost3`, `pn_form4`, `pn_size4`, `pn_cost4`) VALUES (37, 'TOBREX ® ung', 2, 'anti-infective', 'antibiotic', 'B', '', 'yes', '', '', 'For mild to moderate infections: Adults and children, Use 1/2" ribbon every eight to twelve hours.<br /><br />For severe infections: Adults and children, 1/2" ribbon every three to four hours until improvement occurs.', '2', 'months', 'Not established', 6, 0, '', 'pdf/TobrexUng.pdf', 'http://', '1/15/2004', 'true', '0.3%', 25, 3, '', 0, 0, '', 0, 0, '', 0, 0, 'ointment', '3.5 g', '$42.57', '', '', '', '', '', '', '', '', '');
INSERT INTO `pn_rx_meds` (`pn_med_id`, `pn_trade`, `pn_comp_id`, `pn_medType1`, `pn_medType2`, `pn_preg`, `pn_schedule`, `pn_generic`, `pn_image1`, `pn_image2`, `pn_dose`, `pn_peds`, `pn_ped_text`, `pn_nurse`, `pn_pres_id1`, `pn_pres_id2`, `pn_comments`, `pn_rxInfo`, `pn_med_url`, `pn_updated`, `pn_display`, `pn_conc1`, `pn_chem_id1`, `pn_moa_id1`, `pn_conc2`, `pn_chem_id2`, `pn_moa_id2`, `pn_conc3`, `pn_chem_id3`, `pn_moa_id3`, `pn_conc4`, `pn_chem_id4`, `pn_moa_id4`, `pn_form1`, `pn_size1`, `pn_cost1`, `pn_form2`, `pn_size2`, `pn_cost2`, `pn_form3`, `pn_size3`, `pn_cost3`, `pn_form4`, `pn_size4`, `pn_cost4`) VALUES (38, 'QUIXIN ®', 9, 'anti-infective', 'antibiotic', 'C', '', 'no', 'QUIXIN2.gif', '', 'For bacterial conjunctivitis, Day 1 and 2: Instill one to two drops in the affected eye(s) every 2 hours while awake, up to 8 times per day. Days 3 through 7: Instill one to two drops in the affected eye(s)every 4 hours while awake, up to 4 times per day.', '1', 'years', 'Not established', 1, 0, '', 'pdf/quixin.pdf', 'http://', '1/15/2004', 'true', '0.5%', 26, 15, '', 0, 0, '', 0, 0, '', 0, 0, 'solution', '2;5 mL', 'not available', 'solution', '5 mL', 'not available', '', '', '', '', '', '');
INSERT INTO `pn_rx_meds` (`pn_med_id`, `pn_trade`, `pn_comp_id`, `pn_medType1`, `pn_medType2`, `pn_preg`, `pn_schedule`, `pn_generic`, `pn_image1`, `pn_image2`, `pn_dose`, `pn_peds`, `pn_ped_text`, `pn_nurse`, `pn_pres_id1`, `pn_pres_id2`, `pn_comments`, `pn_rxInfo`, `pn_med_url`, `pn_updated`, `pn_display`, `pn_conc1`, `pn_chem_id1`, `pn_moa_id1`, `pn_conc2`, `pn_chem_id2`, `pn_moa_id2`, `pn_conc3`, `pn_chem_id3`, `pn_moa_id3`, `pn_conc4`, `pn_chem_id4`, `pn_moa_id4`, `pn_form1`, `pn_size1`, `pn_cost1`, `pn_form2`, `pn_size2`, `pn_cost2`, `pn_form3`, `pn_size3`, `pn_cost3`, `pn_form4`, `pn_size4`, `pn_cost4`) VALUES (39, 'CHIBROXIN ®', 5, 'anti-infective', 'antibiotic', 'C', '', 'no', '', '', '1-2 drops q.i.d. for up to 7 days (bacterial conjunctivitis)', '1', 'years', 'Not established', 1, 0, '', 'http://www.fda.gov/cder/foi/label/2001/19757s10lbl.pdf', 'http://', '1/15/2004', 'true', '0.3%', 27, 15, '', 0, 0, '', 0, 0, '', 0, 0, 'solution', '5 mL', '$24.99', '', '', '', '', '', '', '', '', '');
INSERT INTO `pn_rx_meds` (`pn_med_id`, `pn_trade`, `pn_comp_id`, `pn_medType1`, `pn_medType2`, `pn_preg`, `pn_schedule`, `pn_generic`, `pn_image1`, `pn_image2`, `pn_dose`, `pn_peds`, `pn_ped_text`, `pn_nurse`, `pn_pres_id1`, `pn_pres_id2`, `pn_comments`, `pn_rxInfo`, `pn_med_url`, `pn_updated`, `pn_display`, `pn_conc1`, `pn_chem_id1`, `pn_moa_id1`, `pn_conc2`, `pn_chem_id2`, `pn_moa_id2`, `pn_conc3`, `pn_chem_id3`, `pn_moa_id3`, `pn_conc4`, `pn_chem_id4`, `pn_moa_id4`, `pn_form1`, `pn_size1`, `pn_cost1`, `pn_form2`, `pn_size2`, `pn_cost2`, `pn_form3`, `pn_size3`, `pn_cost3`, `pn_form4`, `pn_size4`, `pn_cost4`) VALUES (40, 'POLYTRIM ®', 3, 'anti-infective', 'antibiotic', 'C', '', 'yes', 'polytrim.gif', 'Polytrim_box.gif', 'In mild to moderate infections, instill one drop in the affected eye(s) every three hours (maximum of 6 doses per day) for a period of 7 to 10 days.', '2', 'months', 'Not established', 1, 0, 'Safety and effectiveness in children below the age of 2 months has not been established.<br /><br />', 'pdf/Polytrim.pdf', 'http://', '1/14/2004', 'true', '10000 unit/mL', 28, 20, '1 mg/mL', 29, 0, '', 0, 0, '', 0, 0, 'solution', '10 mL', '$33.99', '', '', '', '', '', '', '', '', '');
INSERT INTO `pn_rx_meds` (`pn_med_id`, `pn_trade`, `pn_comp_id`, `pn_medType1`, `pn_medType2`, `pn_preg`, `pn_schedule`, `pn_generic`, `pn_image1`, `pn_image2`, `pn_dose`, `pn_peds`, `pn_ped_text`, `pn_nurse`, `pn_pres_id1`, `pn_pres_id2`, `pn_comments`, `pn_rxInfo`, `pn_med_url`, `pn_updated`, `pn_display`, `pn_conc1`, `pn_chem_id1`, `pn_moa_id1`, `pn_conc2`, `pn_chem_id2`, `pn_moa_id2`, `pn_conc3`, `pn_chem_id3`, `pn_moa_id3`, `pn_conc4`, `pn_chem_id4`, `pn_moa_id4`, `pn_form1`, `pn_size1`, `pn_cost1`, `pn_form2`, `pn_size2`, `pn_cost2`, `pn_form3`, `pn_size3`, `pn_cost3`, `pn_form4`, `pn_size4`, `pn_cost4`) VALUES (41, 'ILOTYCIN ®', 18, 'anti-infective', 'antibiotic', 'B', '', 'yes', '', '', 'For treatment of eye infections, apply 1cm strip up to 6X/day.  For prevention of neonatal conjunctivitis and ophthalmia neonatorum, apply once at birth.', 'Neonate', '', 'Has not been reported to cause problems in nursing babies', 5, 0, '', 'http://', 'http://', '10/2/2004', 'true', '0.5%', 30, 16, '', 0, 0, '', 0, 0, '', 0, 0, 'ointment', '3.5 g', '$9.99', '', '', '', '', '', '', '', '', '');
INSERT INTO `pn_rx_meds` (`pn_med_id`, `pn_trade`, `pn_comp_id`, `pn_medType1`, `pn_medType2`, `pn_preg`, `pn_schedule`, `pn_generic`, `pn_image1`, `pn_image2`, `pn_dose`, `pn_peds`, `pn_ped_text`, `pn_nurse`, `pn_pres_id1`, `pn_pres_id2`, `pn_comments`, `pn_rxInfo`, `pn_med_url`, `pn_updated`, `pn_display`, `pn_conc1`, `pn_chem_id1`, `pn_moa_id1`, `pn_conc2`, `pn_chem_id2`, `pn_moa_id2`, `pn_conc3`, `pn_chem_id3`, `pn_moa_id3`, `pn_conc4`, `pn_chem_id4`, `pn_moa_id4`, `pn_form1`, `pn_size1`, `pn_cost1`, `pn_form2`, `pn_size2`, `pn_cost2`, `pn_form3`, `pn_size3`, `pn_cost3`, `pn_form4`, `pn_size4`, `pn_cost4`) VALUES (42, 'GARAMYCIN ® gtts', 19, 'anti-infective', 'antibiotic', 'C', '', 'yes', '', '', 'Instill 2 drops into the conjunctival sac of the affected eye 3 or 4 times daily. Dosage may be increased in severe infections and reduced at the end of treatment.', '6', 'years', 'Not established', 1, 0, '', 'http://', 'http://', '1/15/2004', 'true', '0.3%', 2, 3, '', 0, 0, '', 0, 0, '', 0, 0, 'solution', '5 mL', '$24.99', '', '', '', '', '', '', '', '', '');
INSERT INTO `pn_rx_meds` (`pn_med_id`, `pn_trade`, `pn_comp_id`, `pn_medType1`, `pn_medType2`, `pn_preg`, `pn_schedule`, `pn_generic`, `pn_image1`, `pn_image2`, `pn_dose`, `pn_peds`, `pn_ped_text`, `pn_nurse`, `pn_pres_id1`, `pn_pres_id2`, `pn_comments`, `pn_rxInfo`, `pn_med_url`, `pn_updated`, `pn_display`, `pn_conc1`, `pn_chem_id1`, `pn_moa_id1`, `pn_conc2`, `pn_chem_id2`, `pn_moa_id2`, `pn_conc3`, `pn_chem_id3`, `pn_moa_id3`, `pn_conc4`, `pn_chem_id4`, `pn_moa_id4`, `pn_form1`, `pn_size1`, `pn_cost1`, `pn_form2`, `pn_size2`, `pn_cost2`, `pn_form3`, `pn_size3`, `pn_cost3`, `pn_form4`, `pn_size4`, `pn_cost4`) VALUES (43, 'Gentamicin Sulfate ung', 20, 'anti-infective', 'antibiotic', 'C', '', 'yes', 'gentamycin.gif', '', 'For eye infections:  Adults and children -- use 1 cm ribbon in affect eye(s) every eight to twelve hours. \r\n', '6', 'years', 'Not established', 0, 0, '', '', 'http://', '8/28/2003', 'true', '0.3%', 2, 3, '', 0, 0, '', 0, 0, '', 0, 0, 'ointment', '3.5 g', 'not available', '', '', '', '', '', '', '', '', '');
INSERT INTO `pn_rx_meds` (`pn_med_id`, `pn_trade`, `pn_comp_id`, `pn_medType1`, `pn_medType2`, `pn_preg`, `pn_schedule`, `pn_generic`, `pn_image1`, `pn_image2`, `pn_dose`, `pn_peds`, `pn_ped_text`, `pn_nurse`, `pn_pres_id1`, `pn_pres_id2`, `pn_comments`, `pn_rxInfo`, `pn_med_url`, `pn_updated`, `pn_display`, `pn_conc1`, `pn_chem_id1`, `pn_moa_id1`, `pn_conc2`, `pn_chem_id2`, `pn_moa_id2`, `pn_conc3`, `pn_chem_id3`, `pn_moa_id3`, `pn_conc4`, `pn_chem_id4`, `pn_moa_id4`, `pn_form1`, `pn_size1`, `pn_cost1`, `pn_form2`, `pn_size2`, `pn_cost2`, `pn_form3`, `pn_size3`, `pn_cost3`, `pn_form4`, `pn_size4`, `pn_cost4`) VALUES (44, 'Bacitracin ung', 21, 'anti-infective', 'antibiotic', '', '', 'yes', 'bacitracinUng.gif', '', 'For blepharitis, qHS after lid hygiene', 'Not Established', '', 'Not established', 5, 0, 'Pregnancy class not available.', 'http://', 'http://www.fougera.com/consumer_products_division/search_results.asp?category_id=15', '1/14/2004', 'true', '500 units/g', 32, 17, '', 0, 0, '', 0, 0, '', 0, 0, 'ointment', '3.5 g', '$9.49', '', '', '', '', '', '', '', '', '');
INSERT INTO `pn_rx_meds` (`pn_med_id`, `pn_trade`, `pn_comp_id`, `pn_medType1`, `pn_medType2`, `pn_preg`, `pn_schedule`, `pn_generic`, `pn_image1`, `pn_image2`, `pn_dose`, `pn_peds`, `pn_ped_text`, `pn_nurse`, `pn_pres_id1`, `pn_pres_id2`, `pn_comments`, `pn_rxInfo`, `pn_med_url`, `pn_updated`, `pn_display`, `pn_conc1`, `pn_chem_id1`, `pn_moa_id1`, `pn_conc2`, `pn_chem_id2`, `pn_moa_id2`, `pn_conc3`, `pn_chem_id3`, `pn_moa_id3`, `pn_conc4`, `pn_chem_id4`, `pn_moa_id4`, `pn_form1`, `pn_size1`, `pn_cost1`, `pn_form2`, `pn_size2`, `pn_cost2`, `pn_form3`, `pn_size3`, `pn_cost3`, `pn_form4`, `pn_size4`, `pn_cost4`) VALUES (45, 'BLEPH-10 ®', 3, 'anti-infective', 'antibiotic', 'C', '', 'yes', '', '', '1-2 drops every 2-3 hours in affected eye(s) for 7-10 days.', '2', 'months', 'Avoid -- see comments', 7, 8, 'Systemically administered sulfonamides can producing brain damage related to jaundice (kernicterus) in infants of lactating women. Due to the potential of kernicterus in neonates, this drug should be avoided in nursing mothers. <br /><br />Also available in 15% and 30% solutions.', 'http://', 'http://', '1/15/2004', 'true', '10%', 33, 18, '', 0, 0, '', 0, 0, '', 0, 0, 'solution', '5 mL', '$20.99', 'solution', '15 mL', '$24.99', 'ointment', '3.5 g', '$17.99', '', '', '');
INSERT INTO `pn_rx_meds` (`pn_med_id`, `pn_trade`, `pn_comp_id`, `pn_medType1`, `pn_medType2`, `pn_preg`, `pn_schedule`, `pn_generic`, `pn_image1`, `pn_image2`, `pn_dose`, `pn_peds`, `pn_ped_text`, `pn_nurse`, `pn_pres_id1`, `pn_pres_id2`, `pn_comments`, `pn_rxInfo`, `pn_med_url`, `pn_updated`, `pn_display`, `pn_conc1`, `pn_chem_id1`, `pn_moa_id1`, `pn_conc2`, `pn_chem_id2`, `pn_moa_id2`, `pn_conc3`, `pn_chem_id3`, `pn_moa_id3`, `pn_conc4`, `pn_chem_id4`, `pn_moa_id4`, `pn_form1`, `pn_size1`, `pn_cost1`, `pn_form2`, `pn_size2`, `pn_cost2`, `pn_form3`, `pn_size3`, `pn_cost3`, `pn_form4`, `pn_size4`, `pn_cost4`) VALUES (46, 'TERRAMYCIN ® ung', 22, 'anti-infective', 'antibiotic', 'D', 'IV', 'yes', '', '', 'Administer approximately 1 cm ribbon of ointment to the conjunctival sac of the lower lid 4-6 times daily until the infection is cleared and healing is complete.', '8', 'years', 'Avoid', 5, 0, 'In children under age 8, tetracyclines may cause permanent staining of teeth, enamel hypoplasia, and decreased skeletal growth.  Tetracyclines should be avoided in these patients.', 'http://', 'http://', '1/15/2004', 'true', '5 mg /gm', 34, 19, '10,000 units / gm', 28, 20, '', 0, 0, '', 0, 0, 'ointment', '3.5 g', '$16.19', '', '', '', '', '', '', '', '', '');
INSERT INTO `pn_rx_meds` (`pn_med_id`, `pn_trade`, `pn_comp_id`, `pn_medType1`, `pn_medType2`, `pn_preg`, `pn_schedule`, `pn_generic`, `pn_image1`, `pn_image2`, `pn_dose`, `pn_peds`, `pn_ped_text`, `pn_nurse`, `pn_pres_id1`, `pn_pres_id2`, `pn_comments`, `pn_rxInfo`, `pn_med_url`, `pn_updated`, `pn_display`, `pn_conc1`, `pn_chem_id1`, `pn_moa_id1`, `pn_conc2`, `pn_chem_id2`, `pn_moa_id2`, `pn_conc3`, `pn_chem_id3`, `pn_moa_id3`, `pn_conc4`, `pn_chem_id4`, `pn_moa_id4`, `pn_form1`, `pn_size1`, `pn_cost1`, `pn_form2`, `pn_size2`, `pn_cost2`, `pn_form3`, `pn_size3`, `pn_cost3`, `pn_form4`, `pn_size4`, `pn_cost4`) VALUES (47, 'POLYSPORIN ®', 10, 'anti-infective', 'antibiotic', 'C', '', 'yes', '', '', 'Varies.', 'Not Established', '', 'Not established', 5, 0, '', 'http://', 'http://www.kingpharm.com/ndc.asp?id=38', '1/15/2004', 'true', '10,000 units / g', 28, 20, '500 units / g', 32, 17, '', 0, 0, '', 0, 0, 'ointment', '3.5 g', '$45.99', '', '', '', '', '', '', '', '', '');
INSERT INTO `pn_rx_meds` (`pn_med_id`, `pn_trade`, `pn_comp_id`, `pn_medType1`, `pn_medType2`, `pn_preg`, `pn_schedule`, `pn_generic`, `pn_image1`, `pn_image2`, `pn_dose`, `pn_peds`, `pn_ped_text`, `pn_nurse`, `pn_pres_id1`, `pn_pres_id2`, `pn_comments`, `pn_rxInfo`, `pn_med_url`, `pn_updated`, `pn_display`, `pn_conc1`, `pn_chem_id1`, `pn_moa_id1`, `pn_conc2`, `pn_chem_id2`, `pn_moa_id2`, `pn_conc3`, `pn_chem_id3`, `pn_moa_id3`, `pn_conc4`, `pn_chem_id4`, `pn_moa_id4`, `pn_form1`, `pn_size1`, `pn_cost1`, `pn_form2`, `pn_size2`, `pn_cost2`, `pn_form3`, `pn_size3`, `pn_cost3`, `pn_form4`, `pn_size4`, `pn_cost4`) VALUES (48, 'NEOSPORIN ® gtts', 10, 'anti-infective', 'antibiotic', 'C', '', 'yes', '', '', 'Instill one or two drops into the affected eye every 4 hours for 7 to 10 days. In severe infections,dosage may be increased to as much as two drops every hour.', 'Not Established', '', 'Not established', 2, 0, '', 'http://www.kingpharm.com/uploads/pdf_inserts/Neosporin_Ophthalmic_Sol_pi.pdf', 'http://', '1/15/2004', 'true', '1.75 mg / mL', 35, 3, '10,000 units / mL', 28, 20, '0.025 mg / mL', 36, 20, '', 0, 0, 'solution', '10 mL', '$35.99', '', '', '', '', '', '', '', '', '');
INSERT INTO `pn_rx_meds` (`pn_med_id`, `pn_trade`, `pn_comp_id`, `pn_medType1`, `pn_medType2`, `pn_preg`, `pn_schedule`, `pn_generic`, `pn_image1`, `pn_image2`, `pn_dose`, `pn_peds`, `pn_ped_text`, `pn_nurse`, `pn_pres_id1`, `pn_pres_id2`, `pn_comments`, `pn_rxInfo`, `pn_med_url`, `pn_updated`, `pn_display`, `pn_conc1`, `pn_chem_id1`, `pn_moa_id1`, `pn_conc2`, `pn_chem_id2`, `pn_moa_id2`, `pn_conc3`, `pn_chem_id3`, `pn_moa_id3`, `pn_conc4`, `pn_chem_id4`, `pn_moa_id4`, `pn_form1`, `pn_size1`, `pn_cost1`, `pn_form2`, `pn_size2`, `pn_cost2`, `pn_form3`, `pn_size3`, `pn_cost3`, `pn_form4`, `pn_size4`, `pn_cost4`) VALUES (49, 'LOTEMAX ®', 4, 'corticosteroids', '', 'C', '', 'no', 'lotemax.gif', '', 'Steroid responsive disease treatment<br /><br />\r\nApply 1 to 2 drops of Lotemax into the conjunctival sac of the affected eye(s) four times daily. During the initial treatment within the first week, the dosing may be increased, up to 1 drop every hour, if necessary. Care should be taken not to discontinue therapy prematurely. If signs and symptoms fail to improve after two days, the patient should be re-evaluated.<br /><br />\r\nPost-operative inflammation<br /><br />\r\nApply 1 to 2 drops of Lotemax into the conjunctival sac of the operated eye(s) four times daily beginning 24 hours after surgery and continuing throughout the first two weeks of the post-operative period.\r\n', 'Not Established', '', 'Not established', 1, 0, '', 'http://www.bausch.com/us/vision/products/lotemaxinsert.pdf', 'http://http://www.bausch.com/us/resource/pharma/lotemax.jsp', '1/15/2004', 'true', '0.5%', 17, 11, '', 0, 0, '', 0, 0, '', 0, 0, 'suspension', '2.5 mL', 'not available', 'suspension', '5 mL', '$30.33', 'suspension', '10 mL', '$47.17', 'suspension', '15 mL', '$69.22');
INSERT INTO `pn_rx_meds` (`pn_med_id`, `pn_trade`, `pn_comp_id`, `pn_medType1`, `pn_medType2`, `pn_preg`, `pn_schedule`, `pn_generic`, `pn_image1`, `pn_image2`, `pn_dose`, `pn_peds`, `pn_ped_text`, `pn_nurse`, `pn_pres_id1`, `pn_pres_id2`, `pn_comments`, `pn_rxInfo`, `pn_med_url`, `pn_updated`, `pn_display`, `pn_conc1`, `pn_chem_id1`, `pn_moa_id1`, `pn_conc2`, `pn_chem_id2`, `pn_moa_id2`, `pn_conc3`, `pn_chem_id3`, `pn_moa_id3`, `pn_conc4`, `pn_chem_id4`, `pn_moa_id4`, `pn_form1`, `pn_size1`, `pn_cost1`, `pn_form2`, `pn_size2`, `pn_cost2`, `pn_form3`, `pn_size3`, `pn_cost3`, `pn_form4`, `pn_size4`, `pn_cost4`) VALUES (50, 'PRED FORTE ®', 3, 'corticosteroids', '', 'C', '', 'yes', 'predforte.gif', '', '1-2 drops 2-4 times daily.', 'Not Established', '', 'Not established', 1, 0, '', 'pdf/Pred.pdf', 'http://', '1/14/2004', 'true', '1.0%', 37, 11, '', 0, 0, '', 0, 0, '', 0, 0, 'suspension', '5 mL', '$27.99', 'suspension', '10 mL', '$50.99', 'suspension', '15 mL', '$74.99', '', '', '');
INSERT INTO `pn_rx_meds` (`pn_med_id`, `pn_trade`, `pn_comp_id`, `pn_medType1`, `pn_medType2`, `pn_preg`, `pn_schedule`, `pn_generic`, `pn_image1`, `pn_image2`, `pn_dose`, `pn_peds`, `pn_ped_text`, `pn_nurse`, `pn_pres_id1`, `pn_pres_id2`, `pn_comments`, `pn_rxInfo`, `pn_med_url`, `pn_updated`, `pn_display`, `pn_conc1`, `pn_chem_id1`, `pn_moa_id1`, `pn_conc2`, `pn_chem_id2`, `pn_moa_id2`, `pn_conc3`, `pn_chem_id3`, `pn_moa_id3`, `pn_conc4`, `pn_chem_id4`, `pn_moa_id4`, `pn_form1`, `pn_size1`, `pn_cost1`, `pn_form2`, `pn_size2`, `pn_cost2`, `pn_form3`, `pn_size3`, `pn_cost3`, `pn_form4`, `pn_size4`, `pn_cost4`) VALUES (51, 'FML ® gtts', 3, 'corticosteroids', '', 'C', '', 'yes', 'FML2.gif', '', 'Instill one drop 2-4 times daily', '2', 'years', 'Not established', 1, 0, '', 'pdf/FML.pdf', 'http://', '4/12/2004', 'true', '0.1%', 39, 11, '', 0, 0, '', 0, 0, '', 0, 0, 'suspension', '5 mL', '$27.99', 'suspension', '10 mL', '$47.96', 'suspension', '15 mL', '$65.99', '', '', '');
INSERT INTO `pn_rx_meds` (`pn_med_id`, `pn_trade`, `pn_comp_id`, `pn_medType1`, `pn_medType2`, `pn_preg`, `pn_schedule`, `pn_generic`, `pn_image1`, `pn_image2`, `pn_dose`, `pn_peds`, `pn_ped_text`, `pn_nurse`, `pn_pres_id1`, `pn_pres_id2`, `pn_comments`, `pn_rxInfo`, `pn_med_url`, `pn_updated`, `pn_display`, `pn_conc1`, `pn_chem_id1`, `pn_moa_id1`, `pn_conc2`, `pn_chem_id2`, `pn_moa_id2`, `pn_conc3`, `pn_chem_id3`, `pn_moa_id3`, `pn_conc4`, `pn_chem_id4`, `pn_moa_id4`, `pn_form1`, `pn_size1`, `pn_cost1`, `pn_form2`, `pn_size2`, `pn_cost2`, `pn_form3`, `pn_size3`, `pn_cost3`, `pn_form4`, `pn_size4`, `pn_cost4`) VALUES (52, 'FLAREX ®', 2, 'corticosteroids', '', 'C', '', 'unknown', 'flarex.gif', '', 'One to two drops instilled into the conjunctival sac two to four times daily. During the initial 24 to 48 hours, the dosage may be safely increased to two drops every two hours. Care should be taken not to discontinue therapy prematurely. ', 'Not Established', '', 'Not established', 1, 0, '', 'pdf/Flarex.pdf', 'http://www.alconlabs.com/ca_en/aj/products/flarex-pm1.jhtml', '1/15/2004', 'true', '0.1%', 40, 11, '', 0, 0, '', 0, 0, '', 0, 0, 'suspension', '2.5 mL', 'not available', 'suspension', '5 mL', '$31.14', 'suspension', '10 mL', '$44.99', '', '', '');
INSERT INTO `pn_rx_meds` (`pn_med_id`, `pn_trade`, `pn_comp_id`, `pn_medType1`, `pn_medType2`, `pn_preg`, `pn_schedule`, `pn_generic`, `pn_image1`, `pn_image2`, `pn_dose`, `pn_peds`, `pn_ped_text`, `pn_nurse`, `pn_pres_id1`, `pn_pres_id2`, `pn_comments`, `pn_rxInfo`, `pn_med_url`, `pn_updated`, `pn_display`, `pn_conc1`, `pn_chem_id1`, `pn_moa_id1`, `pn_conc2`, `pn_chem_id2`, `pn_moa_id2`, `pn_conc3`, `pn_chem_id3`, `pn_moa_id3`, `pn_conc4`, `pn_chem_id4`, `pn_moa_id4`, `pn_form1`, `pn_size1`, `pn_cost1`, `pn_form2`, `pn_size2`, `pn_cost2`, `pn_form3`, `pn_size3`, `pn_cost3`, `pn_form4`, `pn_size4`, `pn_cost4`) VALUES (53, 'Inflamase ® Mild', 11, 'corticosteroids', '', 'C', '', 'yes', '', '', 'Depending on the severity of inflammation, instill one or two drops of solution into the conjunctival sac up to every hour during the day and every two hours during the night as necessary as initial therapy. When a favorable response is observed, reduce dosage to one drop every four hours. Later, further reduction in dosage to one drop three to four times daily may suffice to control symptoms. The duration of treatment will vary with the type of lesion and may extend from a few days to several weeks, according to therapeutic response. Relapses, more common in chronic active lesions than in self-limiting conditions, usually respond to treatment.', 'Not Established', '', 'Not established', 1, 0, '', 'pdf/inflamase.pdf', 'http://', '1/15/2004', 'true', '0.125%', 41, 11, '', 0, 0, '', 0, 0, '', 0, 0, 'solution', '3 mL', 'not available', 'solution', '10 mL', '$21.99', 'solution', '10 mL', '$30.99', '', '', '');
INSERT INTO `pn_rx_meds` (`pn_med_id`, `pn_trade`, `pn_comp_id`, `pn_medType1`, `pn_medType2`, `pn_preg`, `pn_schedule`, `pn_generic`, `pn_image1`, `pn_image2`, `pn_dose`, `pn_peds`, `pn_ped_text`, `pn_nurse`, `pn_pres_id1`, `pn_pres_id2`, `pn_comments`, `pn_rxInfo`, `pn_med_url`, `pn_updated`, `pn_display`, `pn_conc1`, `pn_chem_id1`, `pn_moa_id1`, `pn_conc2`, `pn_chem_id2`, `pn_moa_id2`, `pn_conc3`, `pn_chem_id3`, `pn_moa_id3`, `pn_conc4`, `pn_chem_id4`, `pn_moa_id4`, `pn_form1`, `pn_size1`, `pn_cost1`, `pn_form2`, `pn_size2`, `pn_cost2`, `pn_form3`, `pn_size3`, `pn_cost3`, `pn_form4`, `pn_size4`, `pn_cost4`) VALUES (54, 'Inflamase ® Forte', 11, 'corticosteroids', '', 'C', '', 'yes', 'inflamase.gif', '', 'Depending on the severity of inflammation, instill one or two drops of solution into the conjunctival sac up to every hour during the day and every two hours during the night as necessary as initial therapy. When a favorable response is observed, reduce dosage to one drop every four hours. Later, further reduction in dosage to one drop three to four times daily may suffice to control symptoms. The duration of treatment will vary with the type of lesion and may extend from a few days to several weeks, according to therapeutic response. Relapses, more common in chronic active lesions than in self-limiting conditions, usually respond to treatment.', 'Not Established', '', 'Not established', 1, 0, '', 'pdf/inflamase.pdf', 'http://', '1/15/2004', 'true', '1%', 41, 11, '', 0, 0, '', 0, 0, '', 0, 0, 'solution', '3 mL', 'not available', 'solution', '5 mL', '$21.99', 'solution', '10 mL', '$29.99', 'solution', '15 mL', '$40.99');
INSERT INTO `pn_rx_meds` (`pn_med_id`, `pn_trade`, `pn_comp_id`, `pn_medType1`, `pn_medType2`, `pn_preg`, `pn_schedule`, `pn_generic`, `pn_image1`, `pn_image2`, `pn_dose`, `pn_peds`, `pn_ped_text`, `pn_nurse`, `pn_pres_id1`, `pn_pres_id2`, `pn_comments`, `pn_rxInfo`, `pn_med_url`, `pn_updated`, `pn_display`, `pn_conc1`, `pn_chem_id1`, `pn_moa_id1`, `pn_conc2`, `pn_chem_id2`, `pn_moa_id2`, `pn_conc3`, `pn_chem_id3`, `pn_moa_id3`, `pn_conc4`, `pn_chem_id4`, `pn_moa_id4`, `pn_form1`, `pn_size1`, `pn_cost1`, `pn_form2`, `pn_size2`, `pn_cost2`, `pn_form3`, `pn_size3`, `pn_cost3`, `pn_form4`, `pn_size4`, `pn_cost4`) VALUES (55, 'PRED MILD ®', 3, 'corticosteroids', '', 'C', '', 'no', 'Pred_Mild.gif', '', 'Instill 1-2 drops into the conjunctival sac 2-4 times daily.  During the initial 24 to 48 hours, the dosing ferquency may be increased if necessary.  Care should be taken not to discontinue therapy prematurely. If signs and symptoms fail to improve after 2 days, the patient should be re-evaluated.', 'Not Established', '', 'Not established', 1, 0, 'Econopred, the former brand name therapeutic equivalent to Pred Mild, has been discontinued by Alcon.', 'pdf/PredMild.pdf', 'http://', '1/15/2004', 'true', '0.125%', 37, 11, '', 0, 0, '', 0, 0, '', 0, 0, 'suspension', '5 mL', '$33.99', 'suspension', '10 mL', '$49.99', '', '', '', '', '', '');
INSERT INTO `pn_rx_meds` (`pn_med_id`, `pn_trade`, `pn_comp_id`, `pn_medType1`, `pn_medType2`, `pn_preg`, `pn_schedule`, `pn_generic`, `pn_image1`, `pn_image2`, `pn_dose`, `pn_peds`, `pn_ped_text`, `pn_nurse`, `pn_pres_id1`, `pn_pres_id2`, `pn_comments`, `pn_rxInfo`, `pn_med_url`, `pn_updated`, `pn_display`, `pn_conc1`, `pn_chem_id1`, `pn_moa_id1`, `pn_conc2`, `pn_chem_id2`, `pn_moa_id2`, `pn_conc3`, `pn_chem_id3`, `pn_moa_id3`, `pn_conc4`, `pn_chem_id4`, `pn_moa_id4`, `pn_form1`, `pn_size1`, `pn_cost1`, `pn_form2`, `pn_size2`, `pn_cost2`, `pn_form3`, `pn_size3`, `pn_cost3`, `pn_form4`, `pn_size4`, `pn_cost4`) VALUES (56, 'HMS ®', 3, 'corticosteroids', '', 'C', '', 'no', 'HMS.gif', '', 'Instill one drop into the conjunctival sac up to every four hours.', '3', 'years', 'Not established', 1, 0, '', 'pdf/HMS.pdf', 'http://', '1/15/2004', 'true', '1.0%', 42, 11, '', 0, 0, '', 0, 0, '', 0, 0, 'suspension', '5 mL', '$23.99', 'suspension', '10 mL', '$33.99', '', '', '', '', '', '');
INSERT INTO `pn_rx_meds` (`pn_med_id`, `pn_trade`, `pn_comp_id`, `pn_medType1`, `pn_medType2`, `pn_preg`, `pn_schedule`, `pn_generic`, `pn_image1`, `pn_image2`, `pn_dose`, `pn_peds`, `pn_ped_text`, `pn_nurse`, `pn_pres_id1`, `pn_pres_id2`, `pn_comments`, `pn_rxInfo`, `pn_med_url`, `pn_updated`, `pn_display`, `pn_conc1`, `pn_chem_id1`, `pn_moa_id1`, `pn_conc2`, `pn_chem_id2`, `pn_moa_id2`, `pn_conc3`, `pn_chem_id3`, `pn_moa_id3`, `pn_conc4`, `pn_chem_id4`, `pn_moa_id4`, `pn_form1`, `pn_size1`, `pn_cost1`, `pn_form2`, `pn_size2`, `pn_cost2`, `pn_form3`, `pn_size3`, `pn_cost3`, `pn_form4`, `pn_size4`, `pn_cost4`) VALUES (57, 'DECADRON ® OCUMETER', 5, 'corticosteroids', '', 'C', '', 'yes', '', '', 'Instill 1-2 drops into the conjunctival sac every hour during the day and every two hours during the night as initial therapy. When a favorable response is observed, reduce dosage to one drop every four hours. Later, further reduciton in dosage to one drop three or four times daily may suffice to control symptoms.', 'Not Established', '', 'Not established', 1, 0, 'Pricing through Walgreens.com', 'http://', 'http://', '1/15/2004', 'true', '0.1%', 43, 11, '', 0, 0, '', 0, 0, '', 0, 0, 'solution', '5 mL', '$26.99', '', '', '', '', '', '', '', '', '');
INSERT INTO `pn_rx_meds` (`pn_med_id`, `pn_trade`, `pn_comp_id`, `pn_medType1`, `pn_medType2`, `pn_preg`, `pn_schedule`, `pn_generic`, `pn_image1`, `pn_image2`, `pn_dose`, `pn_peds`, `pn_ped_text`, `pn_nurse`, `pn_pres_id1`, `pn_pres_id2`, `pn_comments`, `pn_rxInfo`, `pn_med_url`, `pn_updated`, `pn_display`, `pn_conc1`, `pn_chem_id1`, `pn_moa_id1`, `pn_conc2`, `pn_chem_id2`, `pn_moa_id2`, `pn_conc3`, `pn_chem_id3`, `pn_moa_id3`, `pn_conc4`, `pn_chem_id4`, `pn_moa_id4`, `pn_form1`, `pn_size1`, `pn_cost1`, `pn_form2`, `pn_size2`, `pn_cost2`, `pn_form3`, `pn_size3`, `pn_cost3`, `pn_form4`, `pn_size4`, `pn_cost4`) VALUES (58, 'MAXIDEX ® gtts', 2, 'corticosteroids', '', 'C', '', 'no', '', '', 'One or two drops topically in the conjunctival sac(s).  In severe disease, drops may be used hourly, being tapered to discontinuation as the inflammation subsides.  In mild disease, drops may be used for up to four to six times daily.', 'Not Established', '', 'Not established', 1, 0, '', 'http://www.fda.gov/medwatch/SAFETY/2003/03APR_PI/Maxidex_PI.pdf', 'http://', '1/15/2004', 'true', '0.1%', 44, 11, '', 0, 0, '', 0, 0, '', 0, 0, 'suspension', '5 mL', '$36.31', 'suspension', '15 mL', '$77.91', '', '', '', '', '', '');
INSERT INTO `pn_rx_meds` (`pn_med_id`, `pn_trade`, `pn_comp_id`, `pn_medType1`, `pn_medType2`, `pn_preg`, `pn_schedule`, `pn_generic`, `pn_image1`, `pn_image2`, `pn_dose`, `pn_peds`, `pn_ped_text`, `pn_nurse`, `pn_pres_id1`, `pn_pres_id2`, `pn_comments`, `pn_rxInfo`, `pn_med_url`, `pn_updated`, `pn_display`, `pn_conc1`, `pn_chem_id1`, `pn_moa_id1`, `pn_conc2`, `pn_chem_id2`, `pn_moa_id2`, `pn_conc3`, `pn_chem_id3`, `pn_moa_id3`, `pn_conc4`, `pn_chem_id4`, `pn_moa_id4`, `pn_form1`, `pn_size1`, `pn_cost1`, `pn_form2`, `pn_size2`, `pn_cost2`, `pn_form3`, `pn_size3`, `pn_cost3`, `pn_form4`, `pn_size4`, `pn_cost4`) VALUES (59, 'ECONOPRED ®', 2, 'corticosteroids', '', 'C', '', 'yes', '', '', 'Two drops topically in the eye(s) four times daily.  In cases of bacterial infections, concomitant use of anti-infective agents is mandatory.  Care should be taken not to discontinue therapy prematurely. If signs and symptoms fail to improve after two days, the patient should be re-evaluated. The dosing of Econopred may be reduced, but care should be taken not to discontinue therapy prematurely.  In chronic conditions, withdrawal of treatment should be carried out by gradually decreasing the frequency of applications.', 'Not Established', '', 'Not established', 1, 0, 'Econopred has been discontinued by Alcon.  The therapeutic equivalent is available as PRED MILD® by Allergan.', 'http://www.fda.gov/medwatch/SAFETY/2003/03APR_PI/Econopred_PI.pdf', 'http://', '1/15/2004', 'true', '0.125%', 37, 11, '', 0, 0, '', 0, 0, '', 0, 0, 'suspension', '5 mL', '$34.99', 'suspension', '10 mL', '$47.19', '', '', '', '', '', '');
INSERT INTO `pn_rx_meds` (`pn_med_id`, `pn_trade`, `pn_comp_id`, `pn_medType1`, `pn_medType2`, `pn_preg`, `pn_schedule`, `pn_generic`, `pn_image1`, `pn_image2`, `pn_dose`, `pn_peds`, `pn_ped_text`, `pn_nurse`, `pn_pres_id1`, `pn_pres_id2`, `pn_comments`, `pn_rxInfo`, `pn_med_url`, `pn_updated`, `pn_display`, `pn_conc1`, `pn_chem_id1`, `pn_moa_id1`, `pn_conc2`, `pn_chem_id2`, `pn_moa_id2`, `pn_conc3`, `pn_chem_id3`, `pn_moa_id3`, `pn_conc4`, `pn_chem_id4`, `pn_moa_id4`, `pn_form1`, `pn_size1`, `pn_cost1`, `pn_form2`, `pn_size2`, `pn_cost2`, `pn_form3`, `pn_size3`, `pn_cost3`, `pn_form4`, `pn_size4`, `pn_cost4`) VALUES (60, 'Econopred ® Plus', 2, 'corticosteroids', '', 'C', '', 'yes', '', '', 'Two drops topically in the eye(s) four times daily.  In cases of bacterial infections, concomitant use of taken not to discontinue therapy prematurely. If signs and symptoms fail to improve after two days, the patient should be re-evaluated. The dosing of Econopred Plus may be reduced, but care should be taken not to discontinue therapy prematurely.  In chronic conditions, withdrawal of treatment should be anti-infective agents is mandatory.  Care should be carried out by gradually decreasing the frequency of applications.', 'Not Established', '', 'Not established', 1, 0, '', 'pdf/EconopredPlus.pdf', 'http://', '1/15/2004', 'true', '1.0%', 37, 11, '', 0, 0, '', 0, 0, '', 0, 0, 'suspension', '5 mL', '$34.23', 'suspension', '10 mL', '$48.76', '', '', '', '', '', '');
INSERT INTO `pn_rx_meds` (`pn_med_id`, `pn_trade`, `pn_comp_id`, `pn_medType1`, `pn_medType2`, `pn_preg`, `pn_schedule`, `pn_generic`, `pn_image1`, `pn_image2`, `pn_dose`, `pn_peds`, `pn_ped_text`, `pn_nurse`, `pn_pres_id1`, `pn_pres_id2`, `pn_comments`, `pn_rxInfo`, `pn_med_url`, `pn_updated`, `pn_display`, `pn_conc1`, `pn_chem_id1`, `pn_moa_id1`, `pn_conc2`, `pn_chem_id2`, `pn_moa_id2`, `pn_conc3`, `pn_chem_id3`, `pn_moa_id3`, `pn_conc4`, `pn_chem_id4`, `pn_moa_id4`, `pn_form1`, `pn_size1`, `pn_cost1`, `pn_form2`, `pn_size2`, `pn_cost2`, `pn_form3`, `pn_size3`, `pn_cost3`, `pn_form4`, `pn_size4`, `pn_cost4`) VALUES (61, 'FML ® S.O.P. ®', 3, 'corticosteroids', '', 'C', '', 'no', '', '', 'A small amount (approximately 1/2 inch ribbon) of ointment should be applied to the conjunctival sac one to three times daily.  During the intial 24 to 48 hours, the frequency of dosing may be increased to one application every four hours.  Care should be taken not to discontinue therapy prematurely.  If signs and symptoms fail to improve after two days, the patient should be re-evaluated.', '2', 'years', 'Not established', 9, 0, '', 'http://', 'http://', '1/15/2004', 'true', '0.1%', 39, 11, '', 0, 0, '', 0, 0, '', 0, 0, 'ointment', '3.5 g', '$32.99', '', '', '', '', '', '', '', '', '');
INSERT INTO `pn_rx_meds` (`pn_med_id`, `pn_trade`, `pn_comp_id`, `pn_medType1`, `pn_medType2`, `pn_preg`, `pn_schedule`, `pn_generic`, `pn_image1`, `pn_image2`, `pn_dose`, `pn_peds`, `pn_ped_text`, `pn_nurse`, `pn_pres_id1`, `pn_pres_id2`, `pn_comments`, `pn_rxInfo`, `pn_med_url`, `pn_updated`, `pn_display`, `pn_conc1`, `pn_chem_id1`, `pn_moa_id1`, `pn_conc2`, `pn_chem_id2`, `pn_moa_id2`, `pn_conc3`, `pn_chem_id3`, `pn_moa_id3`, `pn_conc4`, `pn_chem_id4`, `pn_moa_id4`, `pn_form1`, `pn_size1`, `pn_cost1`, `pn_form2`, `pn_size2`, `pn_cost2`, `pn_form3`, `pn_size3`, `pn_cost3`, `pn_form4`, `pn_size4`, `pn_cost4`) VALUES (62, 'FML ® FORTE ®', 3, 'corticosteroids', '', 'C', '', 'no', 'FMLforte.gif', '', 'Instill 1 gtt into the conjunctival sac 2-4 times daily.  Care should be taken not to discontinue therapy prematurely.  If signs and symptoms fail to improve after two days, the patient should be re-evaluated.  The dosing may be reduced, but care should be taken not to discontinue therapy prematurely.  In chronic conditions, withdrawal of treatment should be carried out by gradually decreasing the frequency of application.', '2', 'years', 'Not established', 1, 0, '', 'pdf/FMLForte.pdf', 'http://', '1/15/2004', 'true', '0.25%', 39, 11, '', 0, 0, '', 0, 0, '', 0, 0, 'suspension', '2 mL', 'not available', 'suspension', '5 mL', '$23.99', 'suspension', '10 mL', '$38.99', 'suspension', '15 mL', '$52.99');
INSERT INTO `pn_rx_meds` (`pn_med_id`, `pn_trade`, `pn_comp_id`, `pn_medType1`, `pn_medType2`, `pn_preg`, `pn_schedule`, `pn_generic`, `pn_image1`, `pn_image2`, `pn_dose`, `pn_peds`, `pn_ped_text`, `pn_nurse`, `pn_pres_id1`, `pn_pres_id2`, `pn_comments`, `pn_rxInfo`, `pn_med_url`, `pn_updated`, `pn_display`, `pn_conc1`, `pn_chem_id1`, `pn_moa_id1`, `pn_conc2`, `pn_chem_id2`, `pn_moa_id2`, `pn_conc3`, `pn_chem_id3`, `pn_moa_id3`, `pn_conc4`, `pn_chem_id4`, `pn_moa_id4`, `pn_form1`, `pn_size1`, `pn_cost1`, `pn_form2`, `pn_size2`, `pn_cost2`, `pn_form3`, `pn_size3`, `pn_cost3`, `pn_form4`, `pn_size4`, `pn_cost4`) VALUES (63, 'Voltaren ® Ophthalmic', 11, 'NSAID', '', 'C', '', 'no', 'voltaren.gif', '', 'Cataract Surgery<br /><br />1 gtt should be applied to the affected eye, qid beginning 24 hours after cataract surgery and continuing throught the first 2 weeks of the post-operative period.<br /><br />Corneal Refractive Surgery<br /><br />1-2 gtts should be applied to the operative eye within the hour prior to corneal refractive surgery.  Within 15 minutes after surgery, 1-2 gtts should be applied to the operative eye and conintued qid for up to 3 days.', 'Not Established', '', 'Not established (but avoid)', 5, 0, '', 'http://www.us.novartisophthalmics.com/pics/Voltaren%20version%20F.pdf', 'http://', '1/15/2004', 'true', '0.1%', 45, 12, '', 0, 0, '', 0, 0, '', 0, 0, 'solution', '2.5 mL', '$34.09', 'solution', '5 mL', '$52.78', '', '', '', '', '', '');
INSERT INTO `pn_rx_meds` (`pn_med_id`, `pn_trade`, `pn_comp_id`, `pn_medType1`, `pn_medType2`, `pn_preg`, `pn_schedule`, `pn_generic`, `pn_image1`, `pn_image2`, `pn_dose`, `pn_peds`, `pn_ped_text`, `pn_nurse`, `pn_pres_id1`, `pn_pres_id2`, `pn_comments`, `pn_rxInfo`, `pn_med_url`, `pn_updated`, `pn_display`, `pn_conc1`, `pn_chem_id1`, `pn_moa_id1`, `pn_conc2`, `pn_chem_id2`, `pn_moa_id2`, `pn_conc3`, `pn_chem_id3`, `pn_moa_id3`, `pn_conc4`, `pn_chem_id4`, `pn_moa_id4`, `pn_form1`, `pn_size1`, `pn_cost1`, `pn_form2`, `pn_size2`, `pn_cost2`, `pn_form3`, `pn_size3`, `pn_cost3`, `pn_form4`, `pn_size4`, `pn_cost4`) VALUES (64, 'OCUFEN ®', 3, 'NSAID', '', 'C', '', 'yes', 'Ocufen.gif', '', 'A total of four (4) drops of OCUFEN® should be administered by instilling 1 drop approximately every 1/2 hour beginning 2 hours before surgery. ', 'Not Established', '', 'Not established', 2, 0, '', 'pdf/Ocufen.pdf', 'http://', '1/14/2004', 'true', '0.03%', 46, 12, '', 0, 0, '', 0, 0, '', 0, 0, 'solution', '2.5 mL', '$20.99', '', '', '', '', '', '', '', '', '');
INSERT INTO `pn_rx_meds` (`pn_med_id`, `pn_trade`, `pn_comp_id`, `pn_medType1`, `pn_medType2`, `pn_preg`, `pn_schedule`, `pn_generic`, `pn_image1`, `pn_image2`, `pn_dose`, `pn_peds`, `pn_ped_text`, `pn_nurse`, `pn_pres_id1`, `pn_pres_id2`, `pn_comments`, `pn_rxInfo`, `pn_med_url`, `pn_updated`, `pn_display`, `pn_conc1`, `pn_chem_id1`, `pn_moa_id1`, `pn_conc2`, `pn_chem_id2`, `pn_moa_id2`, `pn_conc3`, `pn_chem_id3`, `pn_moa_id3`, `pn_conc4`, `pn_chem_id4`, `pn_moa_id4`, `pn_form1`, `pn_size1`, `pn_cost1`, `pn_form2`, `pn_size2`, `pn_cost2`, `pn_form3`, `pn_size3`, `pn_cost3`, `pn_form4`, `pn_size4`, `pn_cost4`) VALUES (65, 'PROFENAL ®', 2, 'NSAID', '', 'C', '', 'no', '', '', 'See package insert', 'Not Established', '', 'Not established', 2, 0, '<font color="red">This medication has been discontinued</font><br /><br />', 'http://', 'http://', '1/15/2004', 'true', '1%', 47, 12, '', 0, 0, '', 0, 0, '', 0, 0, 'solution', '2.5 mL', '$18.09', '', '', '', '', '', '', '', '', '');
INSERT INTO `pn_rx_meds` (`pn_med_id`, `pn_trade`, `pn_comp_id`, `pn_medType1`, `pn_medType2`, `pn_preg`, `pn_schedule`, `pn_generic`, `pn_image1`, `pn_image2`, `pn_dose`, `pn_peds`, `pn_ped_text`, `pn_nurse`, `pn_pres_id1`, `pn_pres_id2`, `pn_comments`, `pn_rxInfo`, `pn_med_url`, `pn_updated`, `pn_display`, `pn_conc1`, `pn_chem_id1`, `pn_moa_id1`, `pn_conc2`, `pn_chem_id2`, `pn_moa_id2`, `pn_conc3`, `pn_chem_id3`, `pn_moa_id3`, `pn_conc4`, `pn_chem_id4`, `pn_moa_id4`, `pn_form1`, `pn_size1`, `pn_cost1`, `pn_form2`, `pn_size2`, `pn_cost2`, `pn_form3`, `pn_size3`, `pn_cost3`, `pn_form4`, `pn_size4`, `pn_cost4`) VALUES (66, 'RESTASIS ®', 3, 'dry eye', '', 'C', '', 'no', 'restasis.gif', '', 'Invert the unit dose vial a few times to obtain a uniform, white, opaque emulsion before using.  Instill 1 gtt of RESTASIS® ophthalmic emulsion twice a day in each eye approximately 12 hours apart.  RESTASIS® can be used concomitantly with artificial tears, allowing a 15 minute interval between products.  Discard vial immediately after use.', '16', 'years', 'Not established', 4, 0, 'Each vial contain 0.4 mL.', 'http://www.allergan.com/download/RESTASIS_PI.pdf', 'http://www.restasis.com', '1/14/2004', 'true', '0.05%', 48, 22, '', 0, 0, '', 0, 0, '', 0, 0, 'suspension', '32 single-use vials', '$85.00', '', '', '', '', '', '', '', '', '');
INSERT INTO `pn_rx_meds` (`pn_med_id`, `pn_trade`, `pn_comp_id`, `pn_medType1`, `pn_medType2`, `pn_preg`, `pn_schedule`, `pn_generic`, `pn_image1`, `pn_image2`, `pn_dose`, `pn_peds`, `pn_ped_text`, `pn_nurse`, `pn_pres_id1`, `pn_pres_id2`, `pn_comments`, `pn_rxInfo`, `pn_med_url`, `pn_updated`, `pn_display`, `pn_conc1`, `pn_chem_id1`, `pn_moa_id1`, `pn_conc2`, `pn_chem_id2`, `pn_moa_id2`, `pn_conc3`, `pn_chem_id3`, `pn_moa_id3`, `pn_conc4`, `pn_chem_id4`, `pn_moa_id4`, `pn_form1`, `pn_size1`, `pn_cost1`, `pn_form2`, `pn_size2`, `pn_cost2`, `pn_form3`, `pn_size3`, `pn_cost3`, `pn_form4`, `pn_size4`, `pn_cost4`) VALUES (67, 'Eflone ®', 11, 'corticosteroids', '', 'C', '', 'unknown', '', '', 'One to two drops instilled into the conjunctival sac(s) four times daily. During the initial 24 to 48 hours the dosage may be safely increased to two drops every two hours.  If no imporvement after two weeks, consult physician.  Care shouold be taken not to discontinue therapy prematurely.', 'Not Established', '', 'Not established', 1, 0, '', 'http://www.us.novartisophthalmics.com/pics/I6195-A%20Q%20EFLONE.pdf', 'http://', '1/15/2004', 'true', '0.1%', 40, 11, '', 0, 0, '', 0, 0, '', 0, 0, 'suspension', '5 mL', '$22.49', 'suspension', '10 mL', '$32.39', '', '', '', '', '', '');
INSERT INTO `pn_rx_meds` (`pn_med_id`, `pn_trade`, `pn_comp_id`, `pn_medType1`, `pn_medType2`, `pn_preg`, `pn_schedule`, `pn_generic`, `pn_image1`, `pn_image2`, `pn_dose`, `pn_peds`, `pn_ped_text`, `pn_nurse`, `pn_pres_id1`, `pn_pres_id2`, `pn_comments`, `pn_rxInfo`, `pn_med_url`, `pn_updated`, `pn_display`, `pn_conc1`, `pn_chem_id1`, `pn_moa_id1`, `pn_conc2`, `pn_chem_id2`, `pn_moa_id2`, `pn_conc3`, `pn_chem_id3`, `pn_moa_id3`, `pn_conc4`, `pn_chem_id4`, `pn_moa_id4`, `pn_form1`, `pn_size1`, `pn_cost1`, `pn_form2`, `pn_size2`, `pn_cost2`, `pn_form3`, `pn_size3`, `pn_cost3`, `pn_form4`, `pn_size4`, `pn_cost4`) VALUES (68, 'Fluor-Op ®', 11, 'corticosteroids', '', 'C', '', 'yes', '', '', 'One drop into the conjunctival sac two to four times daily. During the initial 24 to 48 hours, the dosage may be increased to one application every four hours. Care should be taken not to discontinue therapy prematurely. If signs and symptoms fail to improve after two days, the patient should be re-evaluated. In chronic conditions, withdrawal of treatment should be carried out by gradually decreasing the frequency of applications. ', '2', 'years', 'Not established', 1, 0, '', 'http://', 'http://www.us.novartisophthalmics.com/shared/prescribeInfo.asp?productid=46', '1/15/2004', 'true', '0.1%', 39, 11, '', 0, 0, '', 0, 0, '', 0, 0, 'suspension', '5 mL', '$17.99', 'suspension', '10 mL', '$25.99', 'suspension', '15 mL', '$30.99', '', '', '');
INSERT INTO `pn_rx_meds` (`pn_med_id`, `pn_trade`, `pn_comp_id`, `pn_medType1`, `pn_medType2`, `pn_preg`, `pn_schedule`, `pn_generic`, `pn_image1`, `pn_image2`, `pn_dose`, `pn_peds`, `pn_ped_text`, `pn_nurse`, `pn_pres_id1`, `pn_pres_id2`, `pn_comments`, `pn_rxInfo`, `pn_med_url`, `pn_updated`, `pn_display`, `pn_conc1`, `pn_chem_id1`, `pn_moa_id1`, `pn_conc2`, `pn_chem_id2`, `pn_moa_id2`, `pn_conc3`, `pn_chem_id3`, `pn_moa_id3`, `pn_conc4`, `pn_chem_id4`, `pn_moa_id4`, `pn_form1`, `pn_size1`, `pn_cost1`, `pn_form2`, `pn_size2`, `pn_cost2`, `pn_form3`, `pn_size3`, `pn_cost3`, `pn_form4`, `pn_size4`, `pn_cost4`) VALUES (69, 'MAXIDEX ® ung', 2, 'corticosteroids', '', 'C', '', 'unknown', '', '', 'Apply a small amount into the conjunctival sac(s) 3-4 times daily. When favourable response is observed, dosage may be reduced gradually to once a day application for several days. ', 'Not Established', '', 'Not established', 7, 8, '', 'http://', 'http://www.alconlabs.com/ca_en/aj/products/maxidex-pm.jhtml', '1/15/2004', 'true', '0.1%', 44, 11, '', 0, 0, '', 0, 0, '', 0, 0, 'ointment', '3.5 g', 'not available', '', '', '', '', '', '', '', '', '');
INSERT INTO `pn_rx_meds` (`pn_med_id`, `pn_trade`, `pn_comp_id`, `pn_medType1`, `pn_medType2`, `pn_preg`, `pn_schedule`, `pn_generic`, `pn_image1`, `pn_image2`, `pn_dose`, `pn_peds`, `pn_ped_text`, `pn_nurse`, `pn_pres_id1`, `pn_pres_id2`, `pn_comments`, `pn_rxInfo`, `pn_med_url`, `pn_updated`, `pn_display`, `pn_conc1`, `pn_chem_id1`, `pn_moa_id1`, `pn_conc2`, `pn_chem_id2`, `pn_moa_id2`, `pn_conc3`, `pn_chem_id3`, `pn_moa_id3`, `pn_conc4`, `pn_chem_id4`, `pn_moa_id4`, `pn_form1`, `pn_size1`, `pn_cost1`, `pn_form2`, `pn_size2`, `pn_cost2`, `pn_form3`, `pn_size3`, `pn_cost3`, `pn_form4`, `pn_size4`, `pn_cost4`) VALUES (70, 'NATACYN ®', 2, 'anti-infective', 'antifungal', 'C', '', 'no', '', '', 'SHAKE WELL BEFORE USING. The preferred initial dosage in fungal keratitis is one drop of NATAMYCIN 5% instilled in the conjunctival sac q1hr to q2hrs.  The frequency of application can usually be reduced to one drop 6 to 8 times daily after the first 3 to 4 days.  Therapy should generally be continued for 14 to 21 days or until there is resolution of active fungal keratitis.  In many cases, it may be helpful to reduce the dosage gradually at 4 to 7 day intervals to assure that the replicating organism has been eliminated.  Les frequent initial dosage (4 to 6 daily applications) may be sufficient in fungal blepharitis and conjunctivitis.', 'Not Established', '', 'Not established', 1, 0, '', 'http://', 'http://', '1/15/2004', 'true', '5%', 49, 20, '', 0, 0, '', 0, 0, '', 0, 0, 'suspension', '15 mL', 'not available', '', '', '', '', '', '', '', '', '');
INSERT INTO `pn_rx_meds` (`pn_med_id`, `pn_trade`, `pn_comp_id`, `pn_medType1`, `pn_medType2`, `pn_preg`, `pn_schedule`, `pn_generic`, `pn_image1`, `pn_image2`, `pn_dose`, `pn_peds`, `pn_ped_text`, `pn_nurse`, `pn_pres_id1`, `pn_pres_id2`, `pn_comments`, `pn_rxInfo`, `pn_med_url`, `pn_updated`, `pn_display`, `pn_conc1`, `pn_chem_id1`, `pn_moa_id1`, `pn_conc2`, `pn_chem_id2`, `pn_moa_id2`, `pn_conc3`, `pn_chem_id3`, `pn_moa_id3`, `pn_conc4`, `pn_chem_id4`, `pn_moa_id4`, `pn_form1`, `pn_size1`, `pn_cost1`, `pn_form2`, `pn_size2`, `pn_cost2`, `pn_form3`, `pn_size3`, `pn_cost3`, `pn_form4`, `pn_size4`, `pn_cost4`) VALUES (71, 'TOBRADEX ® ung', 2, 'combo steroid / antibiotic', '', 'C', '', 'no', 'tobradex.gif', '', 'Apply a small amount (approximately 1/2 inch ribbon) into the conjunctival sac(s) up to three or four times daily.', 'Not Established', '', 'Not established', 1, 0, '', 'pdf/TobradexUng.pdf', 'http://www.alconlabs.com/us/aj/products/RxTher/TobraDexointINFO.jhtml', '1/15/2004', 'true', '0.3%', 25, 3, '0.1%', 44, 11, '', 0, 0, '', 0, 0, 'ointment', '3.5g', '$55.71', '', '', '', '', '', '', '', '', '');
INSERT INTO `pn_rx_meds` (`pn_med_id`, `pn_trade`, `pn_comp_id`, `pn_medType1`, `pn_medType2`, `pn_preg`, `pn_schedule`, `pn_generic`, `pn_image1`, `pn_image2`, `pn_dose`, `pn_peds`, `pn_ped_text`, `pn_nurse`, `pn_pres_id1`, `pn_pres_id2`, `pn_comments`, `pn_rxInfo`, `pn_med_url`, `pn_updated`, `pn_display`, `pn_conc1`, `pn_chem_id1`, `pn_moa_id1`, `pn_conc2`, `pn_chem_id2`, `pn_moa_id2`, `pn_conc3`, `pn_chem_id3`, `pn_moa_id3`, `pn_conc4`, `pn_chem_id4`, `pn_moa_id4`, `pn_form1`, `pn_size1`, `pn_cost1`, `pn_form2`, `pn_size2`, `pn_cost2`, `pn_form3`, `pn_size3`, `pn_cost3`, `pn_form4`, `pn_size4`, `pn_cost4`) VALUES (72, 'FML-S ®', 3, 'combo steroid / antibiotic', '', 'C', '', 'no', 'FML-S.gif', '', 'One drop of FML-S ophthalmic suspension should be instilled into the conjunctival sac four times daily.  Care should be taken not to discontinue therapy prematurely.', 'Not Established', '', 'Not established', 1, 0, '', 'pdf/FML-S.pdf', 'http://', '1/15/2004', 'true', '0.1%', 39, 11, '10%', 33, 18, '', 0, 0, '', 0, 0, 'suspension', '5 mL', '$27.99', 'suspension', '10 mL', '$35.99', '', '', '', '', '', '');
INSERT INTO `pn_rx_meds` (`pn_med_id`, `pn_trade`, `pn_comp_id`, `pn_medType1`, `pn_medType2`, `pn_preg`, `pn_schedule`, `pn_generic`, `pn_image1`, `pn_image2`, `pn_dose`, `pn_peds`, `pn_ped_text`, `pn_nurse`, `pn_pres_id1`, `pn_pres_id2`, `pn_comments`, `pn_rxInfo`, `pn_med_url`, `pn_updated`, `pn_display`, `pn_conc1`, `pn_chem_id1`, `pn_moa_id1`, `pn_conc2`, `pn_chem_id2`, `pn_moa_id2`, `pn_conc3`, `pn_chem_id3`, `pn_moa_id3`, `pn_conc4`, `pn_chem_id4`, `pn_moa_id4`, `pn_form1`, `pn_size1`, `pn_cost1`, `pn_form2`, `pn_size2`, `pn_cost2`, `pn_form3`, `pn_size3`, `pn_cost3`, `pn_form4`, `pn_size4`, `pn_cost4`) VALUES (73, 'PRED-G ® gtts', 3, 'combo steroid / antibiotic', '', 'C', '', 'no', 'Pred-G.gif', '', 'Instill one drop into the conjunctival sac two to four times daily.  During the initial 24 to 48 hours, the dosing frequency may be increased, if necessary, up to 1 drop every hour.  Care should be taken not to discontinue therapy prematurely.  If signs and symptoms fail to improve after two days, the patient should be be re-evaluated.', 'Not Established', '', 'Not established', 1, 0, '', 'pdf/PredG.pdf', 'http://', '1/14/2004', 'true', '0.3%', 2, 3, '1.0%', 37, 11, '', 0, 0, '', 0, 0, 'suspension', '2 mL', '$13.62', 'suspension', '5 mL', '$31.99', 'suspension', '10 mL', '$55.99', '', '', '');
INSERT INTO `pn_rx_meds` (`pn_med_id`, `pn_trade`, `pn_comp_id`, `pn_medType1`, `pn_medType2`, `pn_preg`, `pn_schedule`, `pn_generic`, `pn_image1`, `pn_image2`, `pn_dose`, `pn_peds`, `pn_ped_text`, `pn_nurse`, `pn_pres_id1`, `pn_pres_id2`, `pn_comments`, `pn_rxInfo`, `pn_med_url`, `pn_updated`, `pn_display`, `pn_conc1`, `pn_chem_id1`, `pn_moa_id1`, `pn_conc2`, `pn_chem_id2`, `pn_moa_id2`, `pn_conc3`, `pn_chem_id3`, `pn_moa_id3`, `pn_conc4`, `pn_chem_id4`, `pn_moa_id4`, `pn_form1`, `pn_size1`, `pn_cost1`, `pn_form2`, `pn_size2`, `pn_cost2`, `pn_form3`, `pn_size3`, `pn_cost3`, `pn_form4`, `pn_size4`, `pn_cost4`) VALUES (74, 'PRED-G ®  ung', 3, 'combo steroid / antibiotic', '', 'C', '', 'no', '', '', 'A small amount (1/2 inch ribbon) of ointment should be applied in the conjunctival sac one to three times daily.  Care should be taken not to discontinue therapy prematurely.', 'Not Established', '', 'Not established', 6, 0, '', 'http://', 'http://', '1/14/2004', 'true', '0.3%', 2, 3, '0.6%', 37, 11, '', 0, 0, '', 0, 0, 'ointment', '3.5g', '$36.29', '', '', '', '', '', '', '', '', '');
INSERT INTO `pn_rx_meds` (`pn_med_id`, `pn_trade`, `pn_comp_id`, `pn_medType1`, `pn_medType2`, `pn_preg`, `pn_schedule`, `pn_generic`, `pn_image1`, `pn_image2`, `pn_dose`, `pn_peds`, `pn_ped_text`, `pn_nurse`, `pn_pres_id1`, `pn_pres_id2`, `pn_comments`, `pn_rxInfo`, `pn_med_url`, `pn_updated`, `pn_display`, `pn_conc1`, `pn_chem_id1`, `pn_moa_id1`, `pn_conc2`, `pn_chem_id2`, `pn_moa_id2`, `pn_conc3`, `pn_chem_id3`, `pn_moa_id3`, `pn_conc4`, `pn_chem_id4`, `pn_moa_id4`, `pn_form1`, `pn_size1`, `pn_cost1`, `pn_form2`, `pn_size2`, `pn_cost2`, `pn_form3`, `pn_size3`, `pn_cost3`, `pn_form4`, `pn_size4`, `pn_cost4`) VALUES (75, 'ALPHAGAN ® P', 3, 'glaucoma', '', 'B', '', 'no', 'alphaganP.gif', '', 'The recommended dose is one drop of ALPHAGAN® P in the affected eye(s) three times daily, approximately 8 hours apart.', '2', 'years', 'Not established', 10, 0, 'Allergan has withdrawn ALPHAGAN® 0.2% from production, however several other companies including Bausch &amp; Lomb and Alcon are producing generic brimonidine.  Pharmacists are not allowed to substitute generic brimonidine 0.2% for ALPHAGAN® P however.', 'pdf/AlphaganP.pdf', 'http://', '1/14/2004', 'true', '0.15%', 50, 23, '', 0, 0, '', 0, 0, '', 0, 0, 'solution', '5 mL', '$36.99', 'solution', '10 mL', '$71.99', 'solution', '15 mL', '$103.99', '', '', '');
INSERT INTO `pn_rx_meds` (`pn_med_id`, `pn_trade`, `pn_comp_id`, `pn_medType1`, `pn_medType2`, `pn_preg`, `pn_schedule`, `pn_generic`, `pn_image1`, `pn_image2`, `pn_dose`, `pn_peds`, `pn_ped_text`, `pn_nurse`, `pn_pres_id1`, `pn_pres_id2`, `pn_comments`, `pn_rxInfo`, `pn_med_url`, `pn_updated`, `pn_display`, `pn_conc1`, `pn_chem_id1`, `pn_moa_id1`, `pn_conc2`, `pn_chem_id2`, `pn_moa_id2`, `pn_conc3`, `pn_chem_id3`, `pn_moa_id3`, `pn_conc4`, `pn_chem_id4`, `pn_moa_id4`, `pn_form1`, `pn_size1`, `pn_cost1`, `pn_form2`, `pn_size2`, `pn_cost2`, `pn_form3`, `pn_size3`, `pn_cost3`, `pn_form4`, `pn_size4`, `pn_cost4`) VALUES (76, 'XALATAN ®', 22, 'glaucoma', '', 'C', '', 'no', 'xalatan.gif', '', 'The recommended dosage is one drop in the affected eye(s) once daily in the evening.  The dosage of XALATAN® should not exceed once daily since it has been shown that more frequent administration may decrease the intraocular pressure lowering effect.', 'Not Established', '', 'Not established', 1, 0, 'Reduction of the intraocular pressure starts approximately 3 to 4 hours after administration and the maximum effect is reached after 8 to 12 hours.<br /><br />Store protected from light.  Store unopened bottle under refrigeration at 2 to 8 degrees Celsius (36 to 46 degrees F).  Once opened the 2.5 mL container may be stored at room temperature up to 25 degrees Celsius (77 F) for 6 weeks.<br /><br />The 2.5 mL bottle contains about 90 drops, which provides approximately 6 weeks of bilateral therapy.<br /><br />For more information about the multi-pack of 3 bottles, click <a target="blank" href=http://www.pfizer.com/download/uspi_xalatan_multi.pdf>here</a>', 'http://www.pfizer.com/download/uspi_xalatan.pdf', 'http://www.xalatan.com/', '1/28/2004', 'true', '0.005%', 51, 24, '', 0, 0, '', 0, 0, '', 0, 0, 'solution', '2.5 mL', '$50.99', 'solution', '3 bottle multipack', 'not available', '', '', '', '', '', '');
INSERT INTO `pn_rx_meds` (`pn_med_id`, `pn_trade`, `pn_comp_id`, `pn_medType1`, `pn_medType2`, `pn_preg`, `pn_schedule`, `pn_generic`, `pn_image1`, `pn_image2`, `pn_dose`, `pn_peds`, `pn_ped_text`, `pn_nurse`, `pn_pres_id1`, `pn_pres_id2`, `pn_comments`, `pn_rxInfo`, `pn_med_url`, `pn_updated`, `pn_display`, `pn_conc1`, `pn_chem_id1`, `pn_moa_id1`, `pn_conc2`, `pn_chem_id2`, `pn_moa_id2`, `pn_conc3`, `pn_chem_id3`, `pn_moa_id3`, `pn_conc4`, `pn_chem_id4`, `pn_moa_id4`, `pn_form1`, `pn_size1`, `pn_cost1`, `pn_form2`, `pn_size2`, `pn_cost2`, `pn_form3`, `pn_size3`, `pn_cost3`, `pn_form4`, `pn_size4`, `pn_cost4`) VALUES (77, 'LUMIGAN ®', 3, 'glaucoma', '', 'C', '', 'no', 'lumigan.gif', '', 'The recommended dosage is one drop in the affected eye(s) once daily in the evening.  The dosage of LUMIGAN® should not exceed once daily since it has been shown that more frequent administration may decrease the intraocular pressure lowering effect.', 'Not Established', '', 'Not established', 1, 0, 'Reduction of the intraocular pressure starts approximately 4 hours after the first administration with maximum effect reached within approximately 8 to 12 hours.', 'pdf/Lumigan.pdf', 'http://www.lumigan.com', '1/14/2004', 'true', '0.03%', 53, 24, '', 0, 0, '', 0, 0, '', 0, 0, 'solution', '2.5 mL', '$54.99', 'solution', '5.0 mL', '$104.99', 'solution', '7.5 mL', '$161.99', '', '', '');
INSERT INTO `pn_rx_meds` (`pn_med_id`, `pn_trade`, `pn_comp_id`, `pn_medType1`, `pn_medType2`, `pn_preg`, `pn_schedule`, `pn_generic`, `pn_image1`, `pn_image2`, `pn_dose`, `pn_peds`, `pn_ped_text`, `pn_nurse`, `pn_pres_id1`, `pn_pres_id2`, `pn_comments`, `pn_rxInfo`, `pn_med_url`, `pn_updated`, `pn_display`, `pn_conc1`, `pn_chem_id1`, `pn_moa_id1`, `pn_conc2`, `pn_chem_id2`, `pn_moa_id2`, `pn_conc3`, `pn_chem_id3`, `pn_moa_id3`, `pn_conc4`, `pn_chem_id4`, `pn_moa_id4`, `pn_form1`, `pn_size1`, `pn_cost1`, `pn_form2`, `pn_size2`, `pn_cost2`, `pn_form3`, `pn_size3`, `pn_cost3`, `pn_form4`, `pn_size4`, `pn_cost4`) VALUES (78, 'Rescula ®', 11, 'glaucoma', '', 'C', '', 'no', 'rescula.gif', '', '1 drop b.i.d.', 'Not Established', '', 'Not established', 1, 0, '', 'http://', 'http://www.novartisophthalmics.com/consumers/rescula.shtml', '1/15/2004', 'true', '0.15%', 61, 26, '', 0, 0, '', 0, 0, '', 0, 0, 'solution', '5 mL', '$47.99', '', '', '', '', '', '', '', '', '');
INSERT INTO `pn_rx_meds` (`pn_med_id`, `pn_trade`, `pn_comp_id`, `pn_medType1`, `pn_medType2`, `pn_preg`, `pn_schedule`, `pn_generic`, `pn_image1`, `pn_image2`, `pn_dose`, `pn_peds`, `pn_ped_text`, `pn_nurse`, `pn_pres_id1`, `pn_pres_id2`, `pn_comments`, `pn_rxInfo`, `pn_med_url`, `pn_updated`, `pn_display`, `pn_conc1`, `pn_chem_id1`, `pn_moa_id1`, `pn_conc2`, `pn_chem_id2`, `pn_moa_id2`, `pn_conc3`, `pn_chem_id3`, `pn_moa_id3`, `pn_conc4`, `pn_chem_id4`, `pn_moa_id4`, `pn_form1`, `pn_size1`, `pn_cost1`, `pn_form2`, `pn_size2`, `pn_cost2`, `pn_form3`, `pn_size3`, `pn_cost3`, `pn_form4`, `pn_size4`, `pn_cost4`) VALUES (79, 'TIMOPTIC ® 0.25%', 5, 'glaucoma', '', 'C', '', 'yes', 'timoptic25.gif', '', 'The usual starting dose is one drop of 0.25% TIMOPTIC ® in the affected eye(s) twice a day.  If the clinical response is not adequate, the dosage may be changed to one drop of 0.5% solution in the affected eye(s) twice a day. Since in some patients the pressure-lowering response to TIMOPTIC ® may require a few weeks to stabilize, evaluation should include a determination of IOP after approximately 4 weeks of treatment with TIMOPTIC ®.  If the IOP is maintained at satisfactory levels, the dosage schedule may be changed to one drop once a day in the affected eye(s).  See full Prescribing Information for complete dosing recommendations.', 'Not Established', '', 'Not established', 1, 0, '', 'http://www.merck.com/product/usa/pi_circulars/t/timoptic/timoptic_optsol_pi.pdf', 'http://', '1/14/2004', 'true', '0.25%', 1, 2, '', 0, 0, '', 0, 0, '', 0, 0, 'solution', '2.5  mL', '$10.65', 'solution', '5 mL', '$18.99', 'solution', '10 mL', '$35.99', 'solution', '15 mL', '$53.99');
INSERT INTO `pn_rx_meds` (`pn_med_id`, `pn_trade`, `pn_comp_id`, `pn_medType1`, `pn_medType2`, `pn_preg`, `pn_schedule`, `pn_generic`, `pn_image1`, `pn_image2`, `pn_dose`, `pn_peds`, `pn_ped_text`, `pn_nurse`, `pn_pres_id1`, `pn_pres_id2`, `pn_comments`, `pn_rxInfo`, `pn_med_url`, `pn_updated`, `pn_display`, `pn_conc1`, `pn_chem_id1`, `pn_moa_id1`, `pn_conc2`, `pn_chem_id2`, `pn_moa_id2`, `pn_conc3`, `pn_chem_id3`, `pn_moa_id3`, `pn_conc4`, `pn_chem_id4`, `pn_moa_id4`, `pn_form1`, `pn_size1`, `pn_cost1`, `pn_form2`, `pn_size2`, `pn_cost2`, `pn_form3`, `pn_size3`, `pn_cost3`, `pn_form4`, `pn_size4`, `pn_cost4`) VALUES (80, 'TRUSOPT ®', 5, 'glaucoma', '', 'C', '', 'no', 'trusopt.gif', '', 'One drop in the affected eye(s) tid.', 'Not Established', '', 'Not established in humans.  Also see below under "Comments".', 1, 0, 'In a study of dorzolamide hydrochloride in lactating rats, decreases in body weight gain of 5 to 7% in offspring at oral dose of 7.5 mg/kg/day (94 times the recommended human ophthalmic dose) were seen during lactation.  A slight delay in postnatal development secondary to lower fetal body weight, was noted.  It is not known whether this drug is excreted in human milk.', 'http://www.merck.com/product/usa/pi_circulars/t/trusopt/trusopt_pi.pdf', 'http://', '1/15/2004', 'true', '2%', 55, 5, '', 0, 0, '', 0, 0, '', 0, 0, 'solution', '5 mL', '$29.62', 'solution', '10 mL', '$55.03', '', '', '', '', '', '');
INSERT INTO `pn_rx_meds` (`pn_med_id`, `pn_trade`, `pn_comp_id`, `pn_medType1`, `pn_medType2`, `pn_preg`, `pn_schedule`, `pn_generic`, `pn_image1`, `pn_image2`, `pn_dose`, `pn_peds`, `pn_ped_text`, `pn_nurse`, `pn_pres_id1`, `pn_pres_id2`, `pn_comments`, `pn_rxInfo`, `pn_med_url`, `pn_updated`, `pn_display`, `pn_conc1`, `pn_chem_id1`, `pn_moa_id1`, `pn_conc2`, `pn_chem_id2`, `pn_moa_id2`, `pn_conc3`, `pn_chem_id3`, `pn_moa_id3`, `pn_conc4`, `pn_chem_id4`, `pn_moa_id4`, `pn_form1`, `pn_size1`, `pn_cost1`, `pn_form2`, `pn_size2`, `pn_cost2`, `pn_form3`, `pn_size3`, `pn_cost3`, `pn_form4`, `pn_size4`, `pn_cost4`) VALUES (81, 'COSOPT ®', 5, 'glaucoma', '', 'C', '', 'no', 'cosopt.gif', '', '1 drop in the affected eye(s) b.i.d.', 'Not Established', '', 'Not established', 1, 0, '', 'http://www.merck.com/product/usa/pi_circulars/c/cosopt/cosopt_pi.pdf', 'http://www.cosopt.com', '1/15/2004', 'true', '2%', 55, 5, '0.5%', 1, 2, '', 0, 0, '', 0, 0, 'solution', '5 mL', '$43.99', 'solution', '10 mL', '$84.99', '', '', '', '', '', '');
INSERT INTO `pn_rx_meds` (`pn_med_id`, `pn_trade`, `pn_comp_id`, `pn_medType1`, `pn_medType2`, `pn_preg`, `pn_schedule`, `pn_generic`, `pn_image1`, `pn_image2`, `pn_dose`, `pn_peds`, `pn_ped_text`, `pn_nurse`, `pn_pres_id1`, `pn_pres_id2`, `pn_comments`, `pn_rxInfo`, `pn_med_url`, `pn_updated`, `pn_display`, `pn_conc1`, `pn_chem_id1`, `pn_moa_id1`, `pn_conc2`, `pn_chem_id2`, `pn_moa_id2`, `pn_conc3`, `pn_chem_id3`, `pn_moa_id3`, `pn_conc4`, `pn_chem_id4`, `pn_moa_id4`, `pn_form1`, `pn_size1`, `pn_cost1`, `pn_form2`, `pn_size2`, `pn_cost2`, `pn_form3`, `pn_size3`, `pn_cost3`, `pn_form4`, `pn_size4`, `pn_cost4`) VALUES (82, 'BETAGAN ® 0.25%', 3, 'glaucoma', '', 'C', '', 'yes', '', '', '1 drop in the affected eye(s) b.i.d.', 'Not Established', '', 'Not established', 1, 0, '', 'pdf/Betagan.pdf', 'http://', '1/14/2004', 'true', '0.25%', 57, 2, '', 0, 0, '', 0, 0, '', 0, 0, 'solution', '5 mL', '$24.99', 'solution', '10 mL', '$46.99', '', '', '', '', '', '');
INSERT INTO `pn_rx_meds` (`pn_med_id`, `pn_trade`, `pn_comp_id`, `pn_medType1`, `pn_medType2`, `pn_preg`, `pn_schedule`, `pn_generic`, `pn_image1`, `pn_image2`, `pn_dose`, `pn_peds`, `pn_ped_text`, `pn_nurse`, `pn_pres_id1`, `pn_pres_id2`, `pn_comments`, `pn_rxInfo`, `pn_med_url`, `pn_updated`, `pn_display`, `pn_conc1`, `pn_chem_id1`, `pn_moa_id1`, `pn_conc2`, `pn_chem_id2`, `pn_moa_id2`, `pn_conc3`, `pn_chem_id3`, `pn_moa_id3`, `pn_conc4`, `pn_chem_id4`, `pn_moa_id4`, `pn_form1`, `pn_size1`, `pn_cost1`, `pn_form2`, `pn_size2`, `pn_cost2`, `pn_form3`, `pn_size3`, `pn_cost3`, `pn_form4`, `pn_size4`, `pn_cost4`) VALUES (83, 'PROPINE ®', 3, 'glaucoma', '', 'B', '', 'yes', 'Propine.gif', '', '1 drop in affected eye(s) b.i.d', 'Not Established', '', 'Not established', 1, 0, '', 'pdf/Propine.pdf', 'http://', '1/14/2004', 'true', '0.1%', 58, 25, '', 0, 0, '', 0, 0, '', 0, 0, 'solution', '5 mL', '$24.99', 'solution', '10 mL', '$44.99', 'solution', '15 mL', '$67.99', '', '', '');
INSERT INTO `pn_rx_meds` (`pn_med_id`, `pn_trade`, `pn_comp_id`, `pn_medType1`, `pn_medType2`, `pn_preg`, `pn_schedule`, `pn_generic`, `pn_image1`, `pn_image2`, `pn_dose`, `pn_peds`, `pn_ped_text`, `pn_nurse`, `pn_pres_id1`, `pn_pres_id2`, `pn_comments`, `pn_rxInfo`, `pn_med_url`, `pn_updated`, `pn_display`, `pn_conc1`, `pn_chem_id1`, `pn_moa_id1`, `pn_conc2`, `pn_chem_id2`, `pn_moa_id2`, `pn_conc3`, `pn_chem_id3`, `pn_moa_id3`, `pn_conc4`, `pn_chem_id4`, `pn_moa_id4`, `pn_form1`, `pn_size1`, `pn_cost1`, `pn_form2`, `pn_size2`, `pn_cost2`, `pn_form3`, `pn_size3`, `pn_cost3`, `pn_form4`, `pn_size4`, `pn_cost4`) VALUES (84, 'EPIFRIN ®', 3, 'glaucoma', '', 'C', '', 'no', 'Epifrin.gif', '', '1 drop in affected eye(s) either q.d. or b.i.d.', 'Not Established', '', 'Not established', 1, 0, '', 'pdf/Epifrin.pdf', 'http://', '1/14/2004', 'true', '0.5%, 1%, 2%', 59, 25, '', 0, 0, '', 0, 0, '', 0, 0, 'solution', '15 mL', '$45.99 for 0.5%', 'solution', '15 mL', '$48.99 for 1%', 'solution', '15 mL', '$53.99 for 2%', '', '', '');
INSERT INTO `pn_rx_meds` (`pn_med_id`, `pn_trade`, `pn_comp_id`, `pn_medType1`, `pn_medType2`, `pn_preg`, `pn_schedule`, `pn_generic`, `pn_image1`, `pn_image2`, `pn_dose`, `pn_peds`, `pn_ped_text`, `pn_nurse`, `pn_pres_id1`, `pn_pres_id2`, `pn_comments`, `pn_rxInfo`, `pn_med_url`, `pn_updated`, `pn_display`, `pn_conc1`, `pn_chem_id1`, `pn_moa_id1`, `pn_conc2`, `pn_chem_id2`, `pn_moa_id2`, `pn_conc3`, `pn_chem_id3`, `pn_moa_id3`, `pn_conc4`, `pn_chem_id4`, `pn_moa_id4`, `pn_form1`, `pn_size1`, `pn_cost1`, `pn_form2`, `pn_size2`, `pn_cost2`, `pn_form3`, `pn_size3`, `pn_cost3`, `pn_form4`, `pn_size4`, `pn_cost4`) VALUES (85, 'BETAGAN ® 0.5%', 3, 'glaucoma', '', 'C', '', 'yes', 'Betagan.gif', '', '1-2 drops in the affected eye(s) q.d.  In patients with more severe or uncontrolled glaucoma, Betagan 0.5% can be administered b.i.d.', 'Not Established', '', 'Not established', 1, 0, '', 'pdf/Betagan.pdf', 'http://', '1/14/2004', 'true', '0.5%', 57, 2, '', 0, 0, '', 0, 0, '', 0, 0, 'solution', '2 mL', 'not available', 'solution', '5 mL', '$28.99', 'solution', '10 mL', '$58.99', 'solution', '15 mL', '$83.99');
INSERT INTO `pn_rx_meds` (`pn_med_id`, `pn_trade`, `pn_comp_id`, `pn_medType1`, `pn_medType2`, `pn_preg`, `pn_schedule`, `pn_generic`, `pn_image1`, `pn_image2`, `pn_dose`, `pn_peds`, `pn_ped_text`, `pn_nurse`, `pn_pres_id1`, `pn_pres_id2`, `pn_comments`, `pn_rxInfo`, `pn_med_url`, `pn_updated`, `pn_display`, `pn_conc1`, `pn_chem_id1`, `pn_moa_id1`, `pn_conc2`, `pn_chem_id2`, `pn_moa_id2`, `pn_conc3`, `pn_chem_id3`, `pn_moa_id3`, `pn_conc4`, `pn_chem_id4`, `pn_moa_id4`, `pn_form1`, `pn_size1`, `pn_cost1`, `pn_form2`, `pn_size2`, `pn_cost2`, `pn_form3`, `pn_size3`, `pn_cost3`, `pn_form4`, `pn_size4`, `pn_cost4`) VALUES (86, 'IOPIDINE ®', 2, 'glaucoma', '', 'C', '', 'no', 'iopidine.gif', '', '1-2 drops t.i.d.', 'Not Established', '', 'Not established', 1, 0, '', 'http://www.alconlabs.com/us/aj/products/RxTher/A23_IopidineInfo.jhtml', 'http://www.alconlabs.com/us/eo/conditions/B1_Iopidine.jhtml', '1/15/2004', 'true', '0.5%', 60, 23, '', 0, 0, '', 0, 0, '', 0, 0, 'solution', '5 mL', '$66.26', 'solution', '10 mL', '$122.98', '', '', '', '', '', '');
INSERT INTO `pn_rx_meds` (`pn_med_id`, `pn_trade`, `pn_comp_id`, `pn_medType1`, `pn_medType2`, `pn_preg`, `pn_schedule`, `pn_generic`, `pn_image1`, `pn_image2`, `pn_dose`, `pn_peds`, `pn_ped_text`, `pn_nurse`, `pn_pres_id1`, `pn_pres_id2`, `pn_comments`, `pn_rxInfo`, `pn_med_url`, `pn_updated`, `pn_display`, `pn_conc1`, `pn_chem_id1`, `pn_moa_id1`, `pn_conc2`, `pn_chem_id2`, `pn_moa_id2`, `pn_conc3`, `pn_chem_id3`, `pn_moa_id3`, `pn_conc4`, `pn_chem_id4`, `pn_moa_id4`, `pn_form1`, `pn_size1`, `pn_cost1`, `pn_form2`, `pn_size2`, `pn_cost2`, `pn_form3`, `pn_size3`, `pn_cost3`, `pn_form4`, `pn_size4`, `pn_cost4`) VALUES (87, 'BETIMOL ® 0.25%', 9, 'glaucoma', '', 'C', '', 'no', '', '', 'The usual starting dose is 1 drop of 0.25% BETIMOL® in the affected eye(s) b.i.d.  If the clinical response is not adequate, the dosage may be changed to 1 drop of 0.5% solution in the affected eye(s) b.i.d. If the intraocular pressure is maintained at satisfactory levels, the dosage schedule may be changed to 1 drop q.d. in the affected eye(s).', 'Not Established', '', 'Not established', 1, 0, '', 'pdf/betimol.pdf', 'http://www.betimol.com/', '1/15/2004', 'true', '0.25%', 62, 2, '', 0, 0, '', 0, 0, '', 0, 0, 'solution', '5 mL', '$15.99', 'solution', '10 mL', '$29.99', 'solution', '15 mL', '$43.99', '', '', '');
INSERT INTO `pn_rx_meds` (`pn_med_id`, `pn_trade`, `pn_comp_id`, `pn_medType1`, `pn_medType2`, `pn_preg`, `pn_schedule`, `pn_generic`, `pn_image1`, `pn_image2`, `pn_dose`, `pn_peds`, `pn_ped_text`, `pn_nurse`, `pn_pres_id1`, `pn_pres_id2`, `pn_comments`, `pn_rxInfo`, `pn_med_url`, `pn_updated`, `pn_display`, `pn_conc1`, `pn_chem_id1`, `pn_moa_id1`, `pn_conc2`, `pn_chem_id2`, `pn_moa_id2`, `pn_conc3`, `pn_chem_id3`, `pn_moa_id3`, `pn_conc4`, `pn_chem_id4`, `pn_moa_id4`, `pn_form1`, `pn_size1`, `pn_cost1`, `pn_form2`, `pn_size2`, `pn_cost2`, `pn_form3`, `pn_size3`, `pn_cost3`, `pn_form4`, `pn_size4`, `pn_cost4`) VALUES (88, 'BETIMOL ® 0.5%', 9, 'glaucoma', '', 'C', '', 'no', 'BETIMOL.gif', '', 'The usual starting dose is 1 drop of 0.25% BETIMOL® in the affected eye(s) b.i.d.  If the clinical response is not adequate, the dosage may be changed to 1 drop of 0.5% solution in the affected eye(s) b.i.d. If the intraocular pressure is maintained at satisfactory levels, the dosage schedule may be changed to 1 drop q.d. in the affected eye(s).', 'Not Established', '', 'Not established', 1, 0, '', 'pdf/betimol.pdf', 'http://www.betimol.com/', '1/15/2004', 'true', '0.5%', 62, 2, '', 0, 0, '', 0, 0, '', 0, 0, 'solution', '5 mL', '$21.30', 'solution', '10 mL', '$40.53', 'solution', '15 mL', '$59.32', '', '', '');
INSERT INTO `pn_rx_meds` (`pn_med_id`, `pn_trade`, `pn_comp_id`, `pn_medType1`, `pn_medType2`, `pn_preg`, `pn_schedule`, `pn_generic`, `pn_image1`, `pn_image2`, `pn_dose`, `pn_peds`, `pn_ped_text`, `pn_nurse`, `pn_pres_id1`, `pn_pres_id2`, `pn_comments`, `pn_rxInfo`, `pn_med_url`, `pn_updated`, `pn_display`, `pn_conc1`, `pn_chem_id1`, `pn_moa_id1`, `pn_conc2`, `pn_chem_id2`, `pn_moa_id2`, `pn_conc3`, `pn_chem_id3`, `pn_moa_id3`, `pn_conc4`, `pn_chem_id4`, `pn_moa_id4`, `pn_form1`, `pn_size1`, `pn_cost1`, `pn_form2`, `pn_size2`, `pn_cost2`, `pn_form3`, `pn_size3`, `pn_cost3`, `pn_form4`, `pn_size4`, `pn_cost4`) VALUES (89, 'Ocupress ®', 11, 'glaucoma', '', 'C', '', 'yes', 'ocupress.gif', 'ocupress2.gif', '1 drop b.i.d.', 'Not Established', '', 'Not established', 1, 0, '', 'http://', 'http://', '1/15/2004', 'true', '1%', 63, 2, '', 0, 0, '', 0, 0, '', 0, 0, 'solution', '5 mL', '$30.99', 'solution', '10 mL', 'not available', 'solution', '15 mL', '$83.99', '', '', '');
INSERT INTO `pn_rx_meds` (`pn_med_id`, `pn_trade`, `pn_comp_id`, `pn_medType1`, `pn_medType2`, `pn_preg`, `pn_schedule`, `pn_generic`, `pn_image1`, `pn_image2`, `pn_dose`, `pn_peds`, `pn_ped_text`, `pn_nurse`, `pn_pres_id1`, `pn_pres_id2`, `pn_comments`, `pn_rxInfo`, `pn_med_url`, `pn_updated`, `pn_display`, `pn_conc1`, `pn_chem_id1`, `pn_moa_id1`, `pn_conc2`, `pn_chem_id2`, `pn_moa_id2`, `pn_conc3`, `pn_chem_id3`, `pn_moa_id3`, `pn_conc4`, `pn_chem_id4`, `pn_moa_id4`, `pn_form1`, `pn_size1`, `pn_cost1`, `pn_form2`, `pn_size2`, `pn_cost2`, `pn_form3`, `pn_size3`, `pn_cost3`, `pn_form4`, `pn_size4`, `pn_cost4`) VALUES (90, 'OptiPranolol ®', 4, 'glaucoma', '', 'C', '', 'yes', '', '', '1 drop b.i.d.', 'Not Established', '', 'Not established', 1, 0, '', 'http://http://www.bausch.com/us/vision/products/optipranololinsert.pdf', 'http://www.bausch.com/us/resource/pharma/optipranolol.jsp', '1/15/2004', 'true', '0.3%', 64, 2, '', 0, 0, '', 0, 0, '', 0, 0, 'solution', '5 mL', '$21.94', 'solution', '10 mL', '$35.16', '', '', '', '', '', '');
INSERT INTO `pn_rx_meds` (`pn_med_id`, `pn_trade`, `pn_comp_id`, `pn_medType1`, `pn_medType2`, `pn_preg`, `pn_schedule`, `pn_generic`, `pn_image1`, `pn_image2`, `pn_dose`, `pn_peds`, `pn_ped_text`, `pn_nurse`, `pn_pres_id1`, `pn_pres_id2`, `pn_comments`, `pn_rxInfo`, `pn_med_url`, `pn_updated`, `pn_display`, `pn_conc1`, `pn_chem_id1`, `pn_moa_id1`, `pn_conc2`, `pn_chem_id2`, `pn_moa_id2`, `pn_conc3`, `pn_chem_id3`, `pn_moa_id3`, `pn_conc4`, `pn_chem_id4`, `pn_moa_id4`, `pn_form1`, `pn_size1`, `pn_cost1`, `pn_form2`, `pn_size2`, `pn_cost2`, `pn_form3`, `pn_size3`, `pn_cost3`, `pn_form4`, `pn_size4`, `pn_cost4`) VALUES (91, 'Pilocar ® 0.5%', 11, 'glaucoma', '', 'C', '', 'yes', '', '', '1 drop q.i.d.', 'Not Established', '', 'Not established', 1, 0, '', 'http://', 'http://', '1/15/2004', 'true', '0.5%', 65, 27, '', 0, 0, '', 0, 0, '', 0, 0, 'solution', '15 mL', '$12.99', '', '', '', '', '', '', '', '', '');
INSERT INTO `pn_rx_meds` (`pn_med_id`, `pn_trade`, `pn_comp_id`, `pn_medType1`, `pn_medType2`, `pn_preg`, `pn_schedule`, `pn_generic`, `pn_image1`, `pn_image2`, `pn_dose`, `pn_peds`, `pn_ped_text`, `pn_nurse`, `pn_pres_id1`, `pn_pres_id2`, `pn_comments`, `pn_rxInfo`, `pn_med_url`, `pn_updated`, `pn_display`, `pn_conc1`, `pn_chem_id1`, `pn_moa_id1`, `pn_conc2`, `pn_chem_id2`, `pn_moa_id2`, `pn_conc3`, `pn_chem_id3`, `pn_moa_id3`, `pn_conc4`, `pn_chem_id4`, `pn_moa_id4`, `pn_form1`, `pn_size1`, `pn_cost1`, `pn_form2`, `pn_size2`, `pn_cost2`, `pn_form3`, `pn_size3`, `pn_cost3`, `pn_form4`, `pn_size4`, `pn_cost4`) VALUES (92, 'Pilocar ® 1%', 11, 'glaucoma', '', 'C', '', 'yes', '', '', '1 drop q.i.d.', 'Not Established', '', 'Not established', 1, 0, '', 'http://', 'http://', '1/15/2004', 'true', '1%', 65, 27, '', 0, 0, '', 0, 0, '', 0, 0, 'solution', '15 mL', '$13.99', '', '', '', '', '', '', '', '', '');
INSERT INTO `pn_rx_meds` (`pn_med_id`, `pn_trade`, `pn_comp_id`, `pn_medType1`, `pn_medType2`, `pn_preg`, `pn_schedule`, `pn_generic`, `pn_image1`, `pn_image2`, `pn_dose`, `pn_peds`, `pn_ped_text`, `pn_nurse`, `pn_pres_id1`, `pn_pres_id2`, `pn_comments`, `pn_rxInfo`, `pn_med_url`, `pn_updated`, `pn_display`, `pn_conc1`, `pn_chem_id1`, `pn_moa_id1`, `pn_conc2`, `pn_chem_id2`, `pn_moa_id2`, `pn_conc3`, `pn_chem_id3`, `pn_moa_id3`, `pn_conc4`, `pn_chem_id4`, `pn_moa_id4`, `pn_form1`, `pn_size1`, `pn_cost1`, `pn_form2`, `pn_size2`, `pn_cost2`, `pn_form3`, `pn_size3`, `pn_cost3`, `pn_form4`, `pn_size4`, `pn_cost4`) VALUES (93, 'Pilocar ® 2%', 11, 'glaucoma', '', 'C', '', 'yes', '', '', '1 drop q.i.d.', 'Not Established', '', 'Not established', 1, 0, '', 'http://', 'http://', '1/15/2004', 'true', '2%', 65, 27, '', 0, 0, '', 0, 0, '', 0, 0, 'solution', '15 mL', '$13.99', '', '', '', '', '', '', '', '', '');
INSERT INTO `pn_rx_meds` (`pn_med_id`, `pn_trade`, `pn_comp_id`, `pn_medType1`, `pn_medType2`, `pn_preg`, `pn_schedule`, `pn_generic`, `pn_image1`, `pn_image2`, `pn_dose`, `pn_peds`, `pn_ped_text`, `pn_nurse`, `pn_pres_id1`, `pn_pres_id2`, `pn_comments`, `pn_rxInfo`, `pn_med_url`, `pn_updated`, `pn_display`, `pn_conc1`, `pn_chem_id1`, `pn_moa_id1`, `pn_conc2`, `pn_chem_id2`, `pn_moa_id2`, `pn_conc3`, `pn_chem_id3`, `pn_moa_id3`, `pn_conc4`, `pn_chem_id4`, `pn_moa_id4`, `pn_form1`, `pn_size1`, `pn_cost1`, `pn_form2`, `pn_size2`, `pn_cost2`, `pn_form3`, `pn_size3`, `pn_cost3`, `pn_form4`, `pn_size4`, `pn_cost4`) VALUES (94, 'Pilocar ® 3%', 11, 'glaucoma', '', 'C', '', 'yes', '', '', '1 drop q.i.d.', 'Not Established', '', 'Not established', 1, 0, '', 'http://', 'http://', '1/15/2004', 'true', '3%', 65, 27, '', 0, 0, '', 0, 0, '', 0, 0, 'solution', '15 mL', '$14.99', '', '', '', '', '', '', '', '', '');
INSERT INTO `pn_rx_meds` (`pn_med_id`, `pn_trade`, `pn_comp_id`, `pn_medType1`, `pn_medType2`, `pn_preg`, `pn_schedule`, `pn_generic`, `pn_image1`, `pn_image2`, `pn_dose`, `pn_peds`, `pn_ped_text`, `pn_nurse`, `pn_pres_id1`, `pn_pres_id2`, `pn_comments`, `pn_rxInfo`, `pn_med_url`, `pn_updated`, `pn_display`, `pn_conc1`, `pn_chem_id1`, `pn_moa_id1`, `pn_conc2`, `pn_chem_id2`, `pn_moa_id2`, `pn_conc3`, `pn_chem_id3`, `pn_moa_id3`, `pn_conc4`, `pn_chem_id4`, `pn_moa_id4`, `pn_form1`, `pn_size1`, `pn_cost1`, `pn_form2`, `pn_size2`, `pn_cost2`, `pn_form3`, `pn_size3`, `pn_cost3`, `pn_form4`, `pn_size4`, `pn_cost4`) VALUES (95, 'Pilocar ® 4%', 11, 'glaucoma', '', 'C', '', 'yes', '', '', '1 drop q.i.d.', 'Not Established', '', 'Not established', 1, 0, '', 'http://', 'http://', '1/15/2004', 'true', '4%', 65, 27, '', 0, 0, '', 0, 0, '', 0, 0, 'solution', '15 mL', '$14.99', '', '', '', '', '', '', '', '', '');
INSERT INTO `pn_rx_meds` (`pn_med_id`, `pn_trade`, `pn_comp_id`, `pn_medType1`, `pn_medType2`, `pn_preg`, `pn_schedule`, `pn_generic`, `pn_image1`, `pn_image2`, `pn_dose`, `pn_peds`, `pn_ped_text`, `pn_nurse`, `pn_pres_id1`, `pn_pres_id2`, `pn_comments`, `pn_rxInfo`, `pn_med_url`, `pn_updated`, `pn_display`, `pn_conc1`, `pn_chem_id1`, `pn_moa_id1`, `pn_conc2`, `pn_chem_id2`, `pn_moa_id2`, `pn_conc3`, `pn_chem_id3`, `pn_moa_id3`, `pn_conc4`, `pn_chem_id4`, `pn_moa_id4`, `pn_form1`, `pn_size1`, `pn_cost1`, `pn_form2`, `pn_size2`, `pn_cost2`, `pn_form3`, `pn_size3`, `pn_cost3`, `pn_form4`, `pn_size4`, `pn_cost4`) VALUES (96, 'Pilocar ® 6%', 11, 'glaucoma', '', 'C', '', 'yes', '', '', '1 drop q.i.d.', 'Not Established', '', 'Not established', 1, 0, '', 'http://', 'http://', '1/15/2004', 'true', '6%', 65, 27, '', 0, 0, '', 0, 0, '', 0, 0, 'solution', '15 mL', '$15.99', '', '', '', '', '', '', '', '', '');
INSERT INTO `pn_rx_meds` (`pn_med_id`, `pn_trade`, `pn_comp_id`, `pn_medType1`, `pn_medType2`, `pn_preg`, `pn_schedule`, `pn_generic`, `pn_image1`, `pn_image2`, `pn_dose`, `pn_peds`, `pn_ped_text`, `pn_nurse`, `pn_pres_id1`, `pn_pres_id2`, `pn_comments`, `pn_rxInfo`, `pn_med_url`, `pn_updated`, `pn_display`, `pn_conc1`, `pn_chem_id1`, `pn_moa_id1`, `pn_conc2`, `pn_chem_id2`, `pn_moa_id2`, `pn_conc3`, `pn_chem_id3`, `pn_moa_id3`, `pn_conc4`, `pn_chem_id4`, `pn_moa_id4`, `pn_form1`, `pn_size1`, `pn_cost1`, `pn_form2`, `pn_size2`, `pn_cost2`, `pn_form3`, `pn_size3`, `pn_cost3`, `pn_form4`, `pn_size4`, `pn_cost4`) VALUES (97, 'ISOPTO CARBACHOL ® 0.75%', 2, 'glaucoma', '', 'C', '', 'yes', '', '', '1 drop t.i.d.', 'Not Established', '', 'Not established', 1, 0, '', 'http://', 'http://', '1/15/2004', 'true', '0.75%', 66, 27, '', 0, 0, '', 0, 0, '', 0, 0, 'solution', '15 mL', '$28.99', '', '', '', '', '', '', '', '', '');
INSERT INTO `pn_rx_meds` (`pn_med_id`, `pn_trade`, `pn_comp_id`, `pn_medType1`, `pn_medType2`, `pn_preg`, `pn_schedule`, `pn_generic`, `pn_image1`, `pn_image2`, `pn_dose`, `pn_peds`, `pn_ped_text`, `pn_nurse`, `pn_pres_id1`, `pn_pres_id2`, `pn_comments`, `pn_rxInfo`, `pn_med_url`, `pn_updated`, `pn_display`, `pn_conc1`, `pn_chem_id1`, `pn_moa_id1`, `pn_conc2`, `pn_chem_id2`, `pn_moa_id2`, `pn_conc3`, `pn_chem_id3`, `pn_moa_id3`, `pn_conc4`, `pn_chem_id4`, `pn_moa_id4`, `pn_form1`, `pn_size1`, `pn_cost1`, `pn_form2`, `pn_size2`, `pn_cost2`, `pn_form3`, `pn_size3`, `pn_cost3`, `pn_form4`, `pn_size4`, `pn_cost4`) VALUES (98, 'ISOPTO CARBACHOL ® 1.5%', 2, 'glaucoma', '', 'C', '', 'yes', 'carbachol1_5.gif', '', '1 drop t.i.d.', 'Not Established', '', 'Not established', 0, 1, '', 'http://', 'http://', '1/15/2004', 'true', '1.5%', 66, 27, '', 0, 0, '', 0, 0, '', 0, 0, 'solution', '15 mL', '$34.20', 'solution', '30 mL', '$44.99', '', '', '', '', '', '');
INSERT INTO `pn_rx_meds` (`pn_med_id`, `pn_trade`, `pn_comp_id`, `pn_medType1`, `pn_medType2`, `pn_preg`, `pn_schedule`, `pn_generic`, `pn_image1`, `pn_image2`, `pn_dose`, `pn_peds`, `pn_ped_text`, `pn_nurse`, `pn_pres_id1`, `pn_pres_id2`, `pn_comments`, `pn_rxInfo`, `pn_med_url`, `pn_updated`, `pn_display`, `pn_conc1`, `pn_chem_id1`, `pn_moa_id1`, `pn_conc2`, `pn_chem_id2`, `pn_moa_id2`, `pn_conc3`, `pn_chem_id3`, `pn_moa_id3`, `pn_conc4`, `pn_chem_id4`, `pn_moa_id4`, `pn_form1`, `pn_size1`, `pn_cost1`, `pn_form2`, `pn_size2`, `pn_cost2`, `pn_form3`, `pn_size3`, `pn_cost3`, `pn_form4`, `pn_size4`, `pn_cost4`) VALUES (99, 'ISOPTO CARBACHOL ® 2.25%', 2, 'glaucoma', '', 'C', '', 'yes', '', '', '1 drop t.i.d.', 'Not Established', '', 'Not established', 1, 0, '', 'http://', 'http://', '1/15/2004', 'true', '2.25%', 66, 27, '', 0, 0, '', 0, 0, '', 0, 0, 'solution', '15 mL', '$31.99', '', '', '', '', '', '', '', '', '');
INSERT INTO `pn_rx_meds` (`pn_med_id`, `pn_trade`, `pn_comp_id`, `pn_medType1`, `pn_medType2`, `pn_preg`, `pn_schedule`, `pn_generic`, `pn_image1`, `pn_image2`, `pn_dose`, `pn_peds`, `pn_ped_text`, `pn_nurse`, `pn_pres_id1`, `pn_pres_id2`, `pn_comments`, `pn_rxInfo`, `pn_med_url`, `pn_updated`, `pn_display`, `pn_conc1`, `pn_chem_id1`, `pn_moa_id1`, `pn_conc2`, `pn_chem_id2`, `pn_moa_id2`, `pn_conc3`, `pn_chem_id3`, `pn_moa_id3`, `pn_conc4`, `pn_chem_id4`, `pn_moa_id4`, `pn_form1`, `pn_size1`, `pn_cost1`, `pn_form2`, `pn_size2`, `pn_cost2`, `pn_form3`, `pn_size3`, `pn_cost3`, `pn_form4`, `pn_size4`, `pn_cost4`) VALUES (100, 'ISOPTO CARBACHOL ® 3%', 2, 'glaucoma', '', 'C', '', 'yes', '', '', '1 drop t.i.d.', 'Not Established', '', 'Not established', 1, 0, '', 'http://', 'http://', '1/15/2004', 'true', '3%', 66, 27, '', 0, 0, '', 0, 0, '', 0, 0, 'solution', '15 mL', '$39.33', 'solution', '30 mL', '$50.66', '', '', '', '', '', '');
INSERT INTO `pn_rx_meds` (`pn_med_id`, `pn_trade`, `pn_comp_id`, `pn_medType1`, `pn_medType2`, `pn_preg`, `pn_schedule`, `pn_generic`, `pn_image1`, `pn_image2`, `pn_dose`, `pn_peds`, `pn_ped_text`, `pn_nurse`, `pn_pres_id1`, `pn_pres_id2`, `pn_comments`, `pn_rxInfo`, `pn_med_url`, `pn_updated`, `pn_display`, `pn_conc1`, `pn_chem_id1`, `pn_moa_id1`, `pn_conc2`, `pn_chem_id2`, `pn_moa_id2`, `pn_conc3`, `pn_chem_id3`, `pn_moa_id3`, `pn_conc4`, `pn_chem_id4`, `pn_moa_id4`, `pn_form1`, `pn_size1`, `pn_cost1`, `pn_form2`, `pn_size2`, `pn_cost2`, `pn_form3`, `pn_size3`, `pn_cost3`, `pn_form4`, `pn_size4`, `pn_cost4`) VALUES (101, 'TIMOPTIC ® 0.5%', 5, 'glaucoma', '', 'C', '', 'yes', 'timoptic5.gif', '', 'The usual starting dose is one drop of 0.25% TIMOPTIC ® in the affected eye(s) twice a day.  If the clinical response is not adequate, the dosage may be changed to one drop of 0.5% solution in the affected eye(s) twice a day. Since in some patients the pressure-lowering response to TIMOPTIC ® may require a few weeks to stabilize, evaluation should include a determination of IOP after approximately 4 weeks of treatment with TIMOPTIC ®.  If the IOP is maintained at satisfactory levels, the dosage schedule may be changed to one drop once a day in the affected eye(s).  See full Prescribing Information for complete dosing recommendations.', 'Not Established', '', 'Not established', 1, 0, '', 'http://www.merck.com/product/usa/pi_circulars/t/timoptic/timoptic_optsol_pi.pdf', 'http://', '1/15/2004', 'true', '0.5%', 1, 2, '', 0, 0, '', 0, 0, '', 0, 0, 'solution', '2.5 mL', '$11.94', 'solution', '5 mL', '$22.99', 'solution', '10 mL', '$41.99', 'solution', '15 mL', '$62.99');
INSERT INTO `pn_rx_meds` (`pn_med_id`, `pn_trade`, `pn_comp_id`, `pn_medType1`, `pn_medType2`, `pn_preg`, `pn_schedule`, `pn_generic`, `pn_image1`, `pn_image2`, `pn_dose`, `pn_peds`, `pn_ped_text`, `pn_nurse`, `pn_pres_id1`, `pn_pres_id2`, `pn_comments`, `pn_rxInfo`, `pn_med_url`, `pn_updated`, `pn_display`, `pn_conc1`, `pn_chem_id1`, `pn_moa_id1`, `pn_conc2`, `pn_chem_id2`, `pn_moa_id2`, `pn_conc3`, `pn_chem_id3`, `pn_moa_id3`, `pn_conc4`, `pn_chem_id4`, `pn_moa_id4`, `pn_form1`, `pn_size1`, `pn_cost1`, `pn_form2`, `pn_size2`, `pn_cost2`, `pn_form3`, `pn_size3`, `pn_cost3`, `pn_form4`, `pn_size4`, `pn_cost4`) VALUES (102, 'TIMOPTIC-XE ® 0.25%', 5, 'glaucoma', '', 'C', '', 'yes', 'timoptic25.gif', '', '1 drop q.d.  Invert the closed container and shake once before each use.', 'Not Established', '', 'Not established', 11, 0, '', 'http://www.merck.com/product/usa/pi_circulars/t/timoptic/timoptic_xe_pi.pdf', 'http://', '1/15/2004', 'true', '0.25%', 1, 2, '', 0, 0, '', 0, 0, '', 0, 0, 'solution', '2.5 mL', '$15.99', 'solution', '5 mL', '$28.99', '', '', '', '', '', '');
INSERT INTO `pn_rx_meds` (`pn_med_id`, `pn_trade`, `pn_comp_id`, `pn_medType1`, `pn_medType2`, `pn_preg`, `pn_schedule`, `pn_generic`, `pn_image1`, `pn_image2`, `pn_dose`, `pn_peds`, `pn_ped_text`, `pn_nurse`, `pn_pres_id1`, `pn_pres_id2`, `pn_comments`, `pn_rxInfo`, `pn_med_url`, `pn_updated`, `pn_display`, `pn_conc1`, `pn_chem_id1`, `pn_moa_id1`, `pn_conc2`, `pn_chem_id2`, `pn_moa_id2`, `pn_conc3`, `pn_chem_id3`, `pn_moa_id3`, `pn_conc4`, `pn_chem_id4`, `pn_moa_id4`, `pn_form1`, `pn_size1`, `pn_cost1`, `pn_form2`, `pn_size2`, `pn_cost2`, `pn_form3`, `pn_size3`, `pn_cost3`, `pn_form4`, `pn_size4`, `pn_cost4`) VALUES (103, 'TIMOPTIC-XE ® 0.5%', 5, 'glaucoma', '', 'C', '', 'yes', 'timoptic5.gif', '', '1 drop q.d.  Invert the closed container and shake once before use.', 'Not Established', '', 'Not established', 11, 0, '', 'http://www.merck.com/product/usa/pi_circulars/t/timoptic/timoptic_xe_pi.pdf', 'http://', '1/15/2004', 'true', '0.5%', 1, 2, '', 0, 0, '', 0, 0, '', 0, 0, 'solution', '2.5 mL', 'not available', 'solution', '5 mL', '$33.99', '', '', '', '', '', '');
INSERT INTO `pn_rx_meds` (`pn_med_id`, `pn_trade`, `pn_comp_id`, `pn_medType1`, `pn_medType2`, `pn_preg`, `pn_schedule`, `pn_generic`, `pn_image1`, `pn_image2`, `pn_dose`, `pn_peds`, `pn_ped_text`, `pn_nurse`, `pn_pres_id1`, `pn_pres_id2`, `pn_comments`, `pn_rxInfo`, `pn_med_url`, `pn_updated`, `pn_display`, `pn_conc1`, `pn_chem_id1`, `pn_moa_id1`, `pn_conc2`, `pn_chem_id2`, `pn_moa_id2`, `pn_conc3`, `pn_chem_id3`, `pn_moa_id3`, `pn_conc4`, `pn_chem_id4`, `pn_moa_id4`, `pn_form1`, `pn_size1`, `pn_cost1`, `pn_form2`, `pn_size2`, `pn_cost2`, `pn_form3`, `pn_size3`, `pn_cost3`, `pn_form4`, `pn_size4`, `pn_cost4`) VALUES (104, 'ALPHAGAN ® 0.2%', 3, 'glaucoma', '', 'B', '', 'yes', 'alphagan.gif', '', '1 drop t.i.d., approximately 8 hours apart.', '2', '', 'Not established', 1, 0, '<font color = "red">Allergan has discontinued ALPHAGAN® 0.2% due to their introduction of ALPHAGAN® P.</font>  However, generic brimonidine tartrate 0.2% ophthalmic solution is now available generically from Bausch &amp; Lomb and Alcon.', 'http://', 'http://', '1/14/2004', 'true', '0.2%', 50, 23, '', 0, 0, '', 0, 0, '', 0, 0, 'solution', '5 mL', 'not available', 'solution', '10 mL', 'not available', 'solution', '15 mL', 'not available', '', '', '');
INSERT INTO `pn_rx_meds` (`pn_med_id`, `pn_trade`, `pn_comp_id`, `pn_medType1`, `pn_medType2`, `pn_preg`, `pn_schedule`, `pn_generic`, `pn_image1`, `pn_image2`, `pn_dose`, `pn_peds`, `pn_ped_text`, `pn_nurse`, `pn_pres_id1`, `pn_pres_id2`, `pn_comments`, `pn_rxInfo`, `pn_med_url`, `pn_updated`, `pn_display`, `pn_conc1`, `pn_chem_id1`, `pn_moa_id1`, `pn_conc2`, `pn_chem_id2`, `pn_moa_id2`, `pn_conc3`, `pn_chem_id3`, `pn_moa_id3`, `pn_conc4`, `pn_chem_id4`, `pn_moa_id4`, `pn_form1`, `pn_size1`, `pn_cost1`, `pn_form2`, `pn_size2`, `pn_cost2`, `pn_form3`, `pn_size3`, `pn_cost3`, `pn_form4`, `pn_size4`, `pn_cost4`) VALUES (105, 'BETAXON', 2, 'glaucoma', '', 'C', '', 'no', 'betaxon.gif', '', '1 drop b.i.d.', 'Not Established', '', 'Not established', 1, 0, '', 'http://www.fda.gov/cder/foi/label/2000/21114lbl.pdf', 'http://', '1/15/2004', 'true', '0.5%', 67, 2, '', 0, 0, '', 0, 0, '', 0, 0, 'solution', '5 mL', 'not available', 'solution', '10 mL', 'not available', 'solution', '15 mL', 'not available', '', '', '');
INSERT INTO `pn_rx_meds` (`pn_med_id`, `pn_trade`, `pn_comp_id`, `pn_medType1`, `pn_medType2`, `pn_preg`, `pn_schedule`, `pn_generic`, `pn_image1`, `pn_image2`, `pn_dose`, `pn_peds`, `pn_ped_text`, `pn_nurse`, `pn_pres_id1`, `pn_pres_id2`, `pn_comments`, `pn_rxInfo`, `pn_med_url`, `pn_updated`, `pn_display`, `pn_conc1`, `pn_chem_id1`, `pn_moa_id1`, `pn_conc2`, `pn_chem_id2`, `pn_moa_id2`, `pn_conc3`, `pn_chem_id3`, `pn_moa_id3`, `pn_conc4`, `pn_chem_id4`, `pn_moa_id4`, `pn_form1`, `pn_size1`, `pn_cost1`, `pn_form2`, `pn_size2`, `pn_cost2`, `pn_form3`, `pn_size3`, `pn_cost3`, `pn_form4`, `pn_size4`, `pn_cost4`) VALUES (106, 'TIMOPTIC ® OCUDOSE ® 0.25%', 5, 'glaucoma', '', 'C', '', 'no', '', '', 'The usual starting dose is one drop of 0.25% TIMOPTIC in the affected eye(s) twice a day.  If the clinical response is not adequate, the dosage may be changed to one drop of 0.5% solution in the affected eye(s) twice a day. Since in some patients the pressure-lowering response to TIMOPTIC may require a few weeks to stabilize, evaluation should include a determination of IOP after approximately 4 weeks of treatment with TIMOPTIC.  If the IOP is maintained at satisfactory levels, the dosage schedule may be changed to one drop once a day in the affected eye(s).  See full Prescribing Information for complete dosing recommendations.', 'Not Established', '', 'Not established', 4, 0, '', 'http://www.merck.com/product/usa/pi_circulars/t/timoptic/timoptic_ocudose_pi.pdf', 'http://', '1/15/2004', 'true', '0.25%', 1, 2, '', 0, 0, '', 0, 0, '', 0, 0, 'solution', '60 units of 0.2 mL', '$96.99', '', '', '', '', '', '', '', '', '');
INSERT INTO `pn_rx_meds` (`pn_med_id`, `pn_trade`, `pn_comp_id`, `pn_medType1`, `pn_medType2`, `pn_preg`, `pn_schedule`, `pn_generic`, `pn_image1`, `pn_image2`, `pn_dose`, `pn_peds`, `pn_ped_text`, `pn_nurse`, `pn_pres_id1`, `pn_pres_id2`, `pn_comments`, `pn_rxInfo`, `pn_med_url`, `pn_updated`, `pn_display`, `pn_conc1`, `pn_chem_id1`, `pn_moa_id1`, `pn_conc2`, `pn_chem_id2`, `pn_moa_id2`, `pn_conc3`, `pn_chem_id3`, `pn_moa_id3`, `pn_conc4`, `pn_chem_id4`, `pn_moa_id4`, `pn_form1`, `pn_size1`, `pn_cost1`, `pn_form2`, `pn_size2`, `pn_cost2`, `pn_form3`, `pn_size3`, `pn_cost3`, `pn_form4`, `pn_size4`, `pn_cost4`) VALUES (107, 'TIMOPTIC ® OCUDOSE ® 0.5%', 5, 'glaucoma', '', 'C', '', 'no', '', '', 'The usual starting dose is one drop of 0.25% TIMOPTIC in the affected eye(s) twice a day.  If the clinical response is not adequate, the dosage may be changed to one drop of 0.5% solution in the affected eye(s) twice a day. Since in some patients the pressure-lowering response to TIMOPTIC may require a few weeks to stabilize, evaluation should include a determination of IOP after approximately 4 weeks of treatment with TIMOPTIC.  If the IOP is maintained at satisfactory levels, the dosage schedule may be changed to one drop once a day in the affected eye(s).  See full Prescribing Information for complete dosing recommendations.', 'Not Established', '', 'Not established', 4, 0, '', 'http://www.merck.com/product/usa/pi_circulars/t/timoptic/timoptic_ocudose_pi.pdf', 'http://', '1/15/2004', 'true', '0.5%', 1, 2, '', 0, 0, '', 0, 0, '', 0, 0, 'solution', '60 units of 0.2 mL', '$116.99', '', '', '', '', '', '', '', '', '');
INSERT INTO `pn_rx_meds` (`pn_med_id`, `pn_trade`, `pn_comp_id`, `pn_medType1`, `pn_medType2`, `pn_preg`, `pn_schedule`, `pn_generic`, `pn_image1`, `pn_image2`, `pn_dose`, `pn_peds`, `pn_ped_text`, `pn_nurse`, `pn_pres_id1`, `pn_pres_id2`, `pn_comments`, `pn_rxInfo`, `pn_med_url`, `pn_updated`, `pn_display`, `pn_conc1`, `pn_chem_id1`, `pn_moa_id1`, `pn_conc2`, `pn_chem_id2`, `pn_moa_id2`, `pn_conc3`, `pn_chem_id3`, `pn_moa_id3`, `pn_conc4`, `pn_chem_id4`, `pn_moa_id4`, `pn_form1`, `pn_size1`, `pn_cost1`, `pn_form2`, `pn_size2`, `pn_cost2`, `pn_form3`, `pn_size3`, `pn_cost3`, `pn_form4`, `pn_size4`, `pn_cost4`) VALUES (108, 'POLY-PRED ®', 3, 'combo steroid / antibiotic', '', 'C', '', 'no', 'Poly-Pred.gif', '', 'To treat the eye: 1-2 gtts q3-4 hrs, or more frequenty as required. <br /><br />To treat the lids: 1-2 gtts in the eye q3-4 hrs, close the eye and rub the excess on the lids and lid margins.', 'Not Established', '', 'Not established', 2, 0, '', 'pdf/Poly-Pred.pdf', 'http://', '1/14/2004', 'true', '0.5%', 37, 11, '0.35%', 35, 3, '10,000 units/mL', 28, 20, '', 0, 0, 'suspension', '5 mL', '$30.99', 'suspension', '10 mL', 'not available', '', '', '', '', '', '');
INSERT INTO `pn_rx_meds` (`pn_med_id`, `pn_trade`, `pn_comp_id`, `pn_medType1`, `pn_medType2`, `pn_preg`, `pn_schedule`, `pn_generic`, `pn_image1`, `pn_image2`, `pn_dose`, `pn_peds`, `pn_ped_text`, `pn_nurse`, `pn_pres_id1`, `pn_pres_id2`, `pn_comments`, `pn_rxInfo`, `pn_med_url`, `pn_updated`, `pn_display`, `pn_conc1`, `pn_chem_id1`, `pn_moa_id1`, `pn_conc2`, `pn_chem_id2`, `pn_moa_id2`, `pn_conc3`, `pn_chem_id3`, `pn_moa_id3`, `pn_conc4`, `pn_chem_id4`, `pn_moa_id4`, `pn_form1`, `pn_size1`, `pn_cost1`, `pn_form2`, `pn_size2`, `pn_cost2`, `pn_form3`, `pn_size3`, `pn_cost3`, `pn_form4`, `pn_size4`, `pn_cost4`) VALUES (109, 'BLEPHAMIDE ®  gtts', 3, 'combo steroid / antibiotic', '', 'C', '', 'yes', 'Blephamide.gif', '', '2 gtts qid', '6', 'years', 'Not established', 1, 0, '', 'pdf/Blephamide.jpg', 'http://', '1/14/2004', 'true', '10%', 33, 18, '0.2%', 37, 11, '', 0, 0, '', 0, 0, 'suspension', '5 mL', '$38.99', 'suspension', '10 mL', '$56.99', '', '', '', '', '', '');
INSERT INTO `pn_rx_meds` (`pn_med_id`, `pn_trade`, `pn_comp_id`, `pn_medType1`, `pn_medType2`, `pn_preg`, `pn_schedule`, `pn_generic`, `pn_image1`, `pn_image2`, `pn_dose`, `pn_peds`, `pn_ped_text`, `pn_nurse`, `pn_pres_id1`, `pn_pres_id2`, `pn_comments`, `pn_rxInfo`, `pn_med_url`, `pn_updated`, `pn_display`, `pn_conc1`, `pn_chem_id1`, `pn_moa_id1`, `pn_conc2`, `pn_chem_id2`, `pn_moa_id2`, `pn_conc3`, `pn_chem_id3`, `pn_moa_id3`, `pn_conc4`, `pn_chem_id4`, `pn_moa_id4`, `pn_form1`, `pn_size1`, `pn_cost1`, `pn_form2`, `pn_size2`, `pn_cost2`, `pn_form3`, `pn_size3`, `pn_cost3`, `pn_form4`, `pn_size4`, `pn_cost4`) VALUES (110, 'BLEPHAMIDE ®  ung', 3, 'combo steroid / antibiotic', '', 'C', '', 'yes', '', '', 'Apply approx 1/2 inch ribbon to conjunctival sac 3-4 times daily and 1-2 times at night.', '6', 'years', 'Not established', 9, 0, '', 'http://', 'http://', '1/14/2004', 'true', '10%', 33, 18, '0.2%', 37, 11, '', 0, 0, '', 0, 0, 'ointment', '3.5 g', '$37.99', '', '', '', '', '', '', '', '', '');
INSERT INTO `pn_rx_meds` (`pn_med_id`, `pn_trade`, `pn_comp_id`, `pn_medType1`, `pn_medType2`, `pn_preg`, `pn_schedule`, `pn_generic`, `pn_image1`, `pn_image2`, `pn_dose`, `pn_peds`, `pn_ped_text`, `pn_nurse`, `pn_pres_id1`, `pn_pres_id2`, `pn_comments`, `pn_rxInfo`, `pn_med_url`, `pn_updated`, `pn_display`, `pn_conc1`, `pn_chem_id1`, `pn_moa_id1`, `pn_conc2`, `pn_chem_id2`, `pn_moa_id2`, `pn_conc3`, `pn_chem_id3`, `pn_moa_id3`, `pn_conc4`, `pn_chem_id4`, `pn_moa_id4`, `pn_form1`, `pn_size1`, `pn_cost1`, `pn_form2`, `pn_size2`, `pn_cost2`, `pn_form3`, `pn_size3`, `pn_cost3`, `pn_form4`, `pn_size4`, `pn_cost4`) VALUES (111, 'CORTISPORIN ® ung', 10, 'combo steroid / antibiotic', '', 'C', '', 'no', 'Cortisporin.gif', '', 'Apply the ointment in the affected eye every 3 or 4 hours, depending on the severity of the condition.', 'Not Established', '', 'Not established', 5, 0, '', 'http://www.kingpharm.com/uploads/pdf_inserts/Cortisporin_Ophth_Oint_PI.pdf', 'http://www.kingpharm.com/product_view.asp?KP_Product_ID=4', '1/15/2004', 'false', '3.5 mg / g', 35, 3, '10,000 units', 28, 20, '1%', 68, 11, '', 0, 0, 'ointment', '3.5 g', 'not available', '', '', '', '', '', '', '', '', '');
INSERT INTO `pn_rx_meds` (`pn_med_id`, `pn_trade`, `pn_comp_id`, `pn_medType1`, `pn_medType2`, `pn_preg`, `pn_schedule`, `pn_generic`, `pn_image1`, `pn_image2`, `pn_dose`, `pn_peds`, `pn_ped_text`, `pn_nurse`, `pn_pres_id1`, `pn_pres_id2`, `pn_comments`, `pn_rxInfo`, `pn_med_url`, `pn_updated`, `pn_display`, `pn_conc1`, `pn_chem_id1`, `pn_moa_id1`, `pn_conc2`, `pn_chem_id2`, `pn_moa_id2`, `pn_conc3`, `pn_chem_id3`, `pn_moa_id3`, `pn_conc4`, `pn_chem_id4`, `pn_moa_id4`, `pn_form1`, `pn_size1`, `pn_cost1`, `pn_form2`, `pn_size2`, `pn_cost2`, `pn_form3`, `pn_size3`, `pn_cost3`, `pn_form4`, `pn_size4`, `pn_cost4`) VALUES (112, 'CORTISPORIN ® gtts', 10, 'combo steroid / antibiotic', '', 'C', '', 'no', 'Cortisporin.gif', '', '1-2 gtts in the affected eye every 3 or 4 hours, depending on the severity of the condition. The suspension may be used more frequently if necessary.\r\n\r\nSHAKE WELL BEFORE USING.', 'Not Established', '', 'Not established', 2, 0, '', 'http://www.kingpharm.com/uploads/pdf_inserts/Corti_Ophth_Susp_PI.pdf', 'http://www.kingpharm.com/product_view.asp?KP_Product_ID=1', '1/15/2004', 'true', '3.5 mg / g', 35, 3, '10,000 units', 28, 20, '1%', 68, 11, '', 0, 0, 'suspension', '7.5 mL', '$61.99', '', '', '', '', '', '', '', '', '');
INSERT INTO `pn_rx_meds` (`pn_med_id`, `pn_trade`, `pn_comp_id`, `pn_medType1`, `pn_medType2`, `pn_preg`, `pn_schedule`, `pn_generic`, `pn_image1`, `pn_image2`, `pn_dose`, `pn_peds`, `pn_ped_text`, `pn_nurse`, `pn_pres_id1`, `pn_pres_id2`, `pn_comments`, `pn_rxInfo`, `pn_med_url`, `pn_updated`, `pn_display`, `pn_conc1`, `pn_chem_id1`, `pn_moa_id1`, `pn_conc2`, `pn_chem_id2`, `pn_moa_id2`, `pn_conc3`, `pn_chem_id3`, `pn_moa_id3`, `pn_conc4`, `pn_chem_id4`, `pn_moa_id4`, `pn_form1`, `pn_size1`, `pn_cost1`, `pn_form2`, `pn_size2`, `pn_cost2`, `pn_form3`, `pn_size3`, `pn_cost3`, `pn_form4`, `pn_size4`, `pn_cost4`) VALUES (113, 'ELESTAT', 24, 'allergy', '', 'C', '', 'no', 'elestat.gif', '', '1 gtt bid', '3', 'years', 'Not established', 1, 0, '', 'pdf/elestat.pdf', 'http://', '2/17/2004', 'true', '0.05%', 69, 4, '', 0, 0, '', 0, 0, '', 0, 0, 'solution', '5 mL', 'not available', 'solution', '10 mL', 'not available', '', '', '', '', '', '');
INSERT INTO `pn_rx_meds` (`pn_med_id`, `pn_trade`, `pn_comp_id`, `pn_medType1`, `pn_medType2`, `pn_preg`, `pn_schedule`, `pn_generic`, `pn_image1`, `pn_image2`, `pn_dose`, `pn_peds`, `pn_ped_text`, `pn_nurse`, `pn_pres_id1`, `pn_pres_id2`, `pn_comments`, `pn_rxInfo`, `pn_med_url`, `pn_updated`, `pn_display`, `pn_conc1`, `pn_chem_id1`, `pn_moa_id1`, `pn_conc2`, `pn_chem_id2`, `pn_moa_id2`, `pn_conc3`, `pn_chem_id3`, `pn_moa_id3`, `pn_conc4`, `pn_chem_id4`, `pn_moa_id4`, `pn_form1`, `pn_size1`, `pn_cost1`, `pn_form2`, `pn_size2`, `pn_cost2`, `pn_form3`, `pn_size3`, `pn_cost3`, `pn_form4`, `pn_size4`, `pn_cost4`) VALUES (114, 'FML ® ung', 3, 'corticosteroids', '', 'C', '', 'no', '', '', 'Apply a small amount (approximately 1/2 inch ribbon) of ointment to the conjunctival sac one to three times daily.', '2', 'years', 'Not established', 9, 0, '', '', 'http://', '4/12/2004', 'true', '0.1%', 39, 11, '', 0, 0, '', 0, 0, '', 0, 0, 'ointment', '3.5 g', '$40.99', '', '', '', '', '', '', '', '', '');
INSERT INTO `pn_rx_meds` (`pn_med_id`, `pn_trade`, `pn_comp_id`, `pn_medType1`, `pn_medType2`, `pn_preg`, `pn_schedule`, `pn_generic`, `pn_image1`, `pn_image2`, `pn_dose`, `pn_peds`, `pn_ped_text`, `pn_nurse`, `pn_pres_id1`, `pn_pres_id2`, `pn_comments`, `pn_rxInfo`, `pn_med_url`, `pn_updated`, `pn_display`, `pn_conc1`, `pn_chem_id1`, `pn_moa_id1`, `pn_conc2`, `pn_chem_id2`, `pn_moa_id2`, `pn_conc3`, `pn_chem_id3`, `pn_moa_id3`, `pn_conc4`, `pn_chem_id4`, `pn_moa_id4`, `pn_form1`, `pn_size1`, `pn_cost1`, `pn_form2`, `pn_size2`, `pn_cost2`, `pn_form3`, `pn_size3`, `pn_cost3`, `pn_form4`, `pn_size4`, `pn_cost4`) VALUES (115, 'MAXITROL ® gtts', 2, 'combo steroid / antibiotic', '', 'C', '', 'yes', '', '', '1-2 drops q1hr for severe cases; otherwise, up to 6 times daily.', 'Not Established', '', 'Not established', 1, 0, '', 'http://', 'http://', '6/3/2004', 'true', '0.35%', 28, 20, '10,000 units/mL', 35, 3, '0.1%', 44, 11, '', 0, 0, 'suspension', '5 mL', '$55.17', '', '', '', '', '', '', '', '', '');
INSERT INTO `pn_rx_meds` (`pn_med_id`, `pn_trade`, `pn_comp_id`, `pn_medType1`, `pn_medType2`, `pn_preg`, `pn_schedule`, `pn_generic`, `pn_image1`, `pn_image2`, `pn_dose`, `pn_peds`, `pn_ped_text`, `pn_nurse`, `pn_pres_id1`, `pn_pres_id2`, `pn_comments`, `pn_rxInfo`, `pn_med_url`, `pn_updated`, `pn_display`, `pn_conc1`, `pn_chem_id1`, `pn_moa_id1`, `pn_conc2`, `pn_chem_id2`, `pn_moa_id2`, `pn_conc3`, `pn_chem_id3`, `pn_moa_id3`, `pn_conc4`, `pn_chem_id4`, `pn_moa_id4`, `pn_form1`, `pn_size1`, `pn_cost1`, `pn_form2`, `pn_size2`, `pn_cost2`, `pn_form3`, `pn_size3`, `pn_cost3`, `pn_form4`, `pn_size4`, `pn_cost4`) VALUES (116, 'MAXITROL ® ung', 2, 'combo steroid / antibiotic', '', 'C', '', 'yes', '', '', 'Apply a small amount into the conjunctival sac(s) up to three or four times daily or, may be used adjunctively with drops at bedtime.', 'Not Established', '', 'Not established', 7, 8, '', 'http://', 'http://', '6/3/2004', 'true', '0.35%', 28, 20, '10,000 units/mL', 35, 3, '0.1%', 44, 11, '', 0, 0, 'ointment', '3.5g', '$59.61', '', '', '', '', '', '', '', '', '');
INSERT INTO `pn_rx_meds` (`pn_med_id`, `pn_trade`, `pn_comp_id`, `pn_medType1`, `pn_medType2`, `pn_preg`, `pn_schedule`, `pn_generic`, `pn_image1`, `pn_image2`, `pn_dose`, `pn_peds`, `pn_ped_text`, `pn_nurse`, `pn_pres_id1`, `pn_pres_id2`, `pn_comments`, `pn_rxInfo`, `pn_med_url`, `pn_updated`, `pn_display`, `pn_conc1`, `pn_chem_id1`, `pn_moa_id1`, `pn_conc2`, `pn_chem_id2`, `pn_moa_id2`, `pn_conc3`, `pn_chem_id3`, `pn_moa_id3`, `pn_conc4`, `pn_chem_id4`, `pn_moa_id4`, `pn_form1`, `pn_size1`, `pn_cost1`, `pn_form2`, `pn_size2`, `pn_cost2`, `pn_form3`, `pn_size3`, `pn_cost3`, `pn_form4`, `pn_size4`, `pn_cost4`) VALUES (117, 'ZOVIRAX ung', 25, 'anti-infective', 'antiviral', '', '', '', '', '', '', '', '', '', 0, 0, '', 'http://', 'http://www.gsk.com.au/gskinternet/publishing.nsf/4a0f132842ea4d354a25685d0011fa04/7b2cf4ac1719077fca256bf10013499f/$FILE/Zovirax%20Ophth%20Ointment.pdf', '7/27/2004', 'false', '3%', 70, 14, '', 0, 0, '', 0, 0, '', 0, 0, '', '', '', '', '', '', '', '', '', '', '', '');
INSERT INTO `pn_rx_meds` (`pn_med_id`, `pn_trade`, `pn_comp_id`, `pn_medType1`, `pn_medType2`, `pn_preg`, `pn_schedule`, `pn_generic`, `pn_image1`, `pn_image2`, `pn_dose`, `pn_peds`, `pn_ped_text`, `pn_nurse`, `pn_pres_id1`, `pn_pres_id2`, `pn_comments`, `pn_rxInfo`, `pn_med_url`, `pn_updated`, `pn_display`, `pn_conc1`, `pn_chem_id1`, `pn_moa_id1`, `pn_conc2`, `pn_chem_id2`, `pn_moa_id2`, `pn_conc3`, `pn_chem_id3`, `pn_moa_id3`, `pn_conc4`, `pn_chem_id4`, `pn_moa_id4`, `pn_form1`, `pn_size1`, `pn_cost1`, `pn_form2`, `pn_size2`, `pn_cost2`, `pn_form3`, `pn_size3`, `pn_cost3`, `pn_form4`, `pn_size4`, `pn_cost4`) VALUES (118, 'ZYLET', 4, 'combo steroid / antibiotic', '', 'C', '', 'no', '', '', '1-2 gtts q4-6 hrs into conjunctival sac.  Shake vigorously prior to using.', 'Not Established', '', 'Not established', 1, 0, '', 'http://www.fda.gov/cder/foi/label/2004/050804lbl.pdf', 'http://', '1/23/2005', 'true', '0.5%', 17, 11, '0.3%', 25, 3, '', 0, 0, '', 0, 0, 'suspension', '2.5 mL', 'not available', 'suspension', '5 mL', 'not available', 'suspension', '10 mL', 'not available', '', '', '');
INSERT INTO `pn_rx_meds` (`pn_med_id`, `pn_trade`, `pn_comp_id`, `pn_medType1`, `pn_medType2`, `pn_preg`, `pn_schedule`, `pn_generic`, `pn_image1`, `pn_image2`, `pn_dose`, `pn_peds`, `pn_ped_text`, `pn_nurse`, `pn_pres_id1`, `pn_pres_id2`, `pn_comments`, `pn_rxInfo`, `pn_med_url`, `pn_updated`, `pn_display`, `pn_conc1`, `pn_chem_id1`, `pn_moa_id1`, `pn_conc2`, `pn_chem_id2`, `pn_moa_id2`, `pn_conc3`, `pn_chem_id3`, `pn_moa_id3`, `pn_conc4`, `pn_chem_id4`, `pn_moa_id4`, `pn_form1`, `pn_size1`, `pn_cost1`, `pn_form2`, `pn_size2`, `pn_cost2`, `pn_form3`, `pn_size3`, `pn_cost3`, `pn_form4`, `pn_size4`, `pn_cost4`) VALUES (119, 'NEVANAC', 2, 'NSAID', '', 'C', '', 'no', '', '', '1 drop t.i.d. beginning 1 day prior to cataract surgery, continued on the day of surgery and through the first 2 weeks of the postoperative period.', 'Not Established', '', 'Not established', 1, 0, 'NEVANAC ophthalmic suspension is indicated for the treatment of pain and inflammation associated with cataract surgery.', 'http://www.fda.gov/cder/foi/label/2005/021862lbl.pdf', 'http://www.alconlabs.com/us/aj/products/RxTher/Nevanac.jhtml', '10/17/2006', 'true', '0.1%', 71, 12, '', 0, 0, '', 0, 0, '', 0, 0, 'suspension', '3mL', 'not available', '', '', '', '', '', '', '', '', '');
INSERT INTO `pn_rx_meds` (`pn_med_id`, `pn_trade`, `pn_comp_id`, `pn_medType1`, `pn_medType2`, `pn_preg`, `pn_schedule`, `pn_generic`, `pn_image1`, `pn_image2`, `pn_dose`, `pn_peds`, `pn_ped_text`, `pn_nurse`, `pn_pres_id1`, `pn_pres_id2`, `pn_comments`, `pn_rxInfo`, `pn_med_url`, `pn_updated`, `pn_display`, `pn_conc1`, `pn_chem_id1`, `pn_moa_id1`, `pn_conc2`, `pn_chem_id2`, `pn_moa_id2`, `pn_conc3`, `pn_chem_id3`, `pn_moa_id3`, `pn_conc4`, `pn_chem_id4`, `pn_moa_id4`, `pn_form1`, `pn_size1`, `pn_cost1`, `pn_form2`, `pn_size2`, `pn_cost2`, `pn_form3`, `pn_size3`, `pn_cost3`, `pn_form4`, `pn_size4`, `pn_cost4`) VALUES (120, 'Travatan ® Z', 2, 'glaucoma', '', 'C', '', 'no', '', '', '1 drop qHS.  The dosage of Travatan Z should not exceed once-daily since it has been shown that more frequent administration of travaprost may decrease the IOP lowering effect.', 'Not Established', '', 'Not established', 12, 0, '', 'http://www.fda.gov/cder/foi/label/2006/021994lbl.pdf', 'http://www.travatanz.com/', '10/24/2006', 'true', '0.004%', 52, 24, '', 0, 0, '', 0, 0, '', 0, 0, 'solution', '2.5 mL', 'not available', 'solution', '5 mL', 'not available', '', '', '', '', '', '');
INSERT INTO `pn_rx_moa` (`pn_moa_id`, `pn_name`, `pn_comments`) VALUES (2, 'beta blocker', 'Beta-Blockers, originally developed to manage cardiovascular disorders, were approved as an IOP lowering agent in 1978.   Beta blockers result in a decrease in aqueous production.');
INSERT INTO `pn_rx_moa` (`pn_moa_id`, `pn_name`, `pn_comments`) VALUES (3, 'aminoglycoside', 'Aminoglycosides inhibit protein sythesis by binding to bacterial ribosomes.  Many gram-negative bacilli have become resistant to this class of antibiotic.<br />Systemic aminoglycosides are poorly absorbed from the gastrointestinal tract.  They can also be inactivated by penicillin, so it is recommended that these two medications are given separately.');
INSERT INTO `pn_rx_moa` (`pn_moa_id`, `pn_name`, `pn_comments`) VALUES (4, 'antihistamine / mast-cell stabilizer', 'Antihistamines are an antagonist of <em>histamine</em>, the compound synthesized and released by mast cells that acts as a cellular mediator in acute hypersensitivity reactions.   When histamine is released, it causes symptoms of itching, tearing, and conjunctival injection.<br />\r\n<em>Mast-cell stabilizers</em> prevent degranulation and release of inflammatory mediators by mast cells, most likely by binding binding to the membrane-bound receptors.');
INSERT INTO `pn_rx_moa` (`pn_moa_id`, `pn_name`, `pn_comments`) VALUES (5, 'carbonic anhydrase inhibitor', 'Carbonic anhydrase inhibitors inhibit bicarbonate formation in the ciliary body. Because bicarbonate is an essential component of aqueous humor production, IOP is consequently lowered.<br />  CAIs may be used as a secondary treatment with miotics, epinephrine, and beta-blockers. ?prostaglandins<br />Be aware that CAIs are sulfonamides and should be avoided in individuals with sulfa sensitivites.');
INSERT INTO `pn_rx_moa` (`pn_moa_id`, `pn_name`, `pn_comments`) VALUES (6, 'mast-cell stabilizer', '<em>Mast-cell stabilizers</em> prevent degranulation and release of inflammatory mediators by mast cells, most likely by binding to membrane-bound receptors.');
INSERT INTO `pn_rx_moa` (`pn_moa_id`, `pn_name`, `pn_comments`) VALUES (11, 'corticosteroid', 'By binding to intracellular receptors, corticosteroids set off a sequence of events that ultimately inhibit arachadonic acid release.  Because arachadonic acid is a precursor for inflammatory mediators, the result is an anti-inflammatory effect.');
INSERT INTO `pn_rx_moa` (`pn_moa_id`, `pn_name`, `pn_comments`) VALUES (10, 'antihistamine', 'Antihistamines are an antagonist of <em>histamine</em>, the compound synthesized and released by mast cells that acts as a cellular mediator in acute hypersensitivity reactions. When histamine is released, it causes symptoms of itching, tearing, and conjunctival injection.  ');
INSERT INTO `pn_rx_moa` (`pn_moa_id`, `pn_name`, `pn_comments`) VALUES (12, 'NSAID', 'Nonsteroidal anti-inflammatory (NSAID) drugs inhibit cyclooxygenase, an enzyme responsible for prostaglandin synthesis (a mediator in inflammatory response).');
INSERT INTO `pn_rx_moa` (`pn_moa_id`, `pn_name`, `pn_comments`) VALUES (15, 'fluoroquinolone', 'By inhibiting DNA gyrase, fluoroquinolones (FQs) prevent repair and replication of bacterial cells.  This effect is bactericidal.<br /> The original quinolone, Lidixic Acid, had a limited spectrum of activity.  Second and third generation FQs extended the spectrum by <em>enhancing</em> activity against gram-negatives.  Fourth generation FQs have improved pharmacokinetics and further extend the spectrum with enhanced activity against gram-positives and anaerobes.');
INSERT INTO `pn_rx_moa` (`pn_moa_id`, `pn_name`, `pn_comments`) VALUES (14, 'interferes DNA synthesis', 'Most anti-viral medications act as nucleic acid analogs.  When a virus infected host cell takes up these analogs they act to inhibit DNA, RNA, and protein production.  It is assumed that virus-infected cells will take up more of these precursers than the normal cells, resulting in more drug concentration and more inhibition.  However, toxicities related to these agents are likely caused by the drug being taken up by healthy, active cells.');
INSERT INTO `pn_rx_moa` (`pn_moa_id`, `pn_name`, `pn_comments`) VALUES (16, 'macrolide', 'By binding to ribosomes, macrolides prevent prevent protein synthesis.  This interferes with cellular activities and replication. <br />  This class of antibiotics has low toxicity because they do not bind to mammalian ribosomes.');
INSERT INTO `pn_rx_moa` (`pn_moa_id`, `pn_name`, `pn_comments`) VALUES (17, 'interferes cell wall synthesis', 'Interfering with cell wall synthesis prevents bacteria from repairing damaged cell walls or replicating.  This results in a bactericidal effect.<br />Drugs that affect cell wall synthesis include the penicillins, the cephalosporins, bacitracin, and vancomycin.  ');
INSERT INTO `pn_rx_moa` (`pn_moa_id`, `pn_name`, `pn_comments`) VALUES (18, 'sulfonamide', 'Sulfonamides act by interfering with bacterial synthesis of folic acid, thus interrupting cellular metabolism.  Many organisms have developed resistance to this class of drugs.');
INSERT INTO `pn_rx_moa` (`pn_moa_id`, `pn_name`, `pn_comments`) VALUES (19, 'inhibits protein synthesis', '\r\nDrugs in this class act by binding to bacterial ribosomes, cosequently interfering with protein synthesis (which is needed for replication and other cell activities).<br />\r\nMany antibiotics work by inhibiting protein synthesis, including aminoglycosides, tetracyclines, and macrolides.  Some of these agents are bactericidal, some bacteriostatic.');
INSERT INTO `pn_rx_moa` (`pn_moa_id`, `pn_name`, `pn_comments`) VALUES (20, 'cell membrane disruption', 'These antibiotics act as detergents or surfactants to interact with the phospholipids of cell membranes, effectively disrupting the osmolarity.  As the cytoplasmic membrane becomes more permeable, intracellular molecules leak, causing a bactericidal effect.');
INSERT INTO `pn_rx_moa` (`pn_moa_id`, `pn_name`, `pn_comments`) VALUES (21, 'folic acid antagonist', 'These antibiotics disrupt cellular metabolism by inhibiting the folate pathway in bacteria.');
INSERT INTO `pn_rx_moa` (`pn_moa_id`, `pn_name`, `pn_comments`) VALUES (22, 'immunosuppresive', 'These drugs interfere with the interleukin-2 (IL-2) dependent signal pathway which leads to the activation and proliferation of T-cells.  Immunosuppresive drugs are used systemically to reduce rejection of transplanted organs.  Mounting evidence suggest immunosuppresive agents may also have a role for certain inflammatory eye conditions. ');
INSERT INTO `pn_rx_moa` (`pn_moa_id`, `pn_name`, `pn_comments`) VALUES (23, 'alpha agonist', 'These medicines stimulate alpha adrenergic receptors.  It decreases aqueous humor production in the ciliary body and increases outflow of aqueous through the uveoscleral pathway.');
INSERT INTO `pn_rx_moa` (`pn_moa_id`, `pn_name`, `pn_comments`) VALUES (24, 'prostaglandin analog', 'These drugs are similar in chemical structure to the prostaglandins found in the body.  Prostaglandins are hormone-like substances that have a wide range of effects throughout the body.  Prostaglandin analogs are thought to increase uveoscleral outflow aqueous.\r\n');
INSERT INTO `pn_rx_moa` (`pn_moa_id`, `pn_name`, `pn_comments`) VALUES (25, 'sympathomimetic', 'Sympathomimetics include alpha and beta adrenergic receptor agonists.  It is thought that stimulation of alpha and beta receptors increases the outflow of aqueous.');
INSERT INTO `pn_rx_moa` (`pn_moa_id`, `pn_name`, `pn_comments`) VALUES (26, 'docosanoid', 'Derived from docosahexaenoic acid, unoprostone (Rescula ®) is the sole docosanoid glaucoma medication.  It reduces intraocular pressure by increasing the outflow of aqueous humor.  However, the receptor that unoprostone binds to in order to achieve this effect remains unclear.');
INSERT INTO `pn_rx_moa` (`pn_moa_id`, `pn_name`, `pn_comments`) VALUES (27, 'cholinergic', 'Cholinergics refer to drugs that stimulate cholinergic receptors (pilocarbine and carbachol) or inhibit the breakdown of acetylcholine (ecothiophate and physostigmine).  Resulting pupillary miosis and constriction of the ciliary body is thought to open the trabecular meshwork, increasing outflow.  Due to untoward side-effects such as accommodative spasm, cholinergics have been largely supplanted by other classes of glaucoma drugs. ');
INSERT INTO `pn_rx_preserve` (`pn_pres_id`, `pn_name`, `pn_comments`) VALUES (1, 'BAK', 'Benzalkonium Chloride (BAK or Zephiran) is a chemical detergent that causes bacterial cells to rupture by increasing the permeability of their membranes. It is chemically stable, doesn\'t degrade easily, even at high temperatures, and is very effective and fast-acting against many microorganisms. A chelating agent (such as EDTA) is usually used in conjunction with BAK to increase its effectiveness.<br /><br />It\'s been shown to increase the corneal penetration of some drugs by causing a separation of the epithelium, however, it can also cause keratopathy in fairly low doses.   ');
INSERT INTO `pn_rx_preserve` (`pn_pres_id`, `pn_name`, `pn_comments`) VALUES (2, 'thimerosal', 'A mercury compound that inhibits cell enzymes and consequently kills organisms.  Although it is not as toxic to the corneal surface as BAK, up to 50% of individuals wearing soft contact lenses develop sensitivities to thimerosol.');
INSERT INTO `pn_rx_preserve` (`pn_pres_id`, `pn_name`, `pn_comments`) VALUES (3, 'lauralkonium chloride', 'A synthetic compound obtained by the extensive chemical modification of lauric acid, a natural fatty acid.');
INSERT INTO `pn_rx_preserve` (`pn_pres_id`, `pn_name`, `pn_comments`) VALUES (4, 'preservative free', 'Preservative-free drugs decrease the risk of toxicity.  Non-preserved drugs are only available in unit-dose vials, which may be more difficult for a patient to use correctly and consequently reduce compliance.  Unit-dose vials are also more expensive than multidose containers.');
INSERT INTO `pn_rx_preserve` (`pn_pres_id`, `pn_name`, `pn_comments`) VALUES (5, 'unknown', '');
INSERT INTO `pn_rx_preserve` (`pn_pres_id`, `pn_name`, `pn_comments`) VALUES (6, 'chlorobutanol', 'Chlorbutanol, an alcohol-based preservative, has a low bacteriostatic effect and is usually combined with other preservatives, such as BAK.  It works by disorganizing the lipid structure of the cell membrane, increasing the permeability of the cell.  It is effective at acidic pH but not alkaline.  Furthermore, it is easily deactivated by heat.');
INSERT INTO `pn_rx_preserve` (`pn_pres_id`, `pn_name`, `pn_comments`) VALUES (7, 'methylparaben', 'A crystalline compound used as an antifungal preservative.');
INSERT INTO `pn_rx_preserve` (`pn_pres_id`, `pn_name`, `pn_comments`) VALUES (8, 'propylparaben', 'A crystalline ester used as a preservative in pharmaceutical preparations. \r\n');
INSERT INTO `pn_rx_preserve` (`pn_pres_id`, `pn_name`, `pn_comments`) VALUES (9, 'phenylmercuric acetate', 'Phenylmercuric acetate is an organomercurial like thimerosol.  It has also been used as a pesticide, herbicide, fungicide, disinfectant and a preservative in cosmetics.');
INSERT INTO `pn_rx_preserve` (`pn_pres_id`, `pn_name`, `pn_comments`) VALUES (10, 'Purite ®', 'A stabilized oxychloro compound (SOC) that has a similar efficacy but reduces the incidence of allergic conjunctivitis compared to BAK.\r\n<br />\r\nThe sodium chlorite found in SOC has been used since the mid-1940s in water purification. It\'s also used in toothpaste, mouthwash and some antacids.\r\n<br />\r\nSOC has a wide spectrum of antimicrobial activity and has been shown to destroy the fungus Aspergillus niger, one of the most difficult organisms to kill.  <br />\r\nSOC was found to be safe and well-tolerated when dosed frequently.');
INSERT INTO `pn_rx_preserve` (`pn_pres_id`, `pn_name`, `pn_comments`) VALUES (11, 'benzododecinium bromide', 'Benzododecinium bromide is a quaternary ammonium compound which, like benzalkonium chloride (BAK), may be absorbed by soft contact lenses.');
INSERT INTO `pn_rx_preserve` (`pn_pres_id`, `pn_name`, `pn_comments`) VALUES (12, 'Sofzia', 'Sofzia is a robust ionic buffered preservative system that is gentle to the ocular surface, according to Alcon.');