 {
	"total_rows": "80",

	"cols" : [
		"ID", "Name", "Country Code", "District", "Population"
	],

	"rows" : [{
		"ID": 1,
		"Name": "Kabul",
		"CountryCode": "AFG",
		"District": "Kabol",
		"Population": 1780000
	}, {
		"ID": 2,
		"Name": "Qandahar",
		"CountryCode": "AFG",
		"District": "Qandahar",
		"Population": 237500
	}, {
		"ID": 3,
		"Name": "Herat",
		"CountryCode": "AFG",
		"District": "Herat",
		"Population": 186800
	}, {
		"ID": 4,
		"Name": "Mazar-e-Sharif",
		"CountryCode": "AFG",
		"District": "Balkh",
		"Population": 127800
	}, {
		"ID": 5,
		"Name": "Amsterdam",
		"CountryCode": "NLD",
		"District": "Noord-Holland",
		"Population": 731200
	}, {
		"ID": 6,
		"Name": "Rotterdam",
		"CountryCode": "NLD",
		"District": "Zuid-Holland",
		"Population": 593321
	}, {
		"ID": 7,
		"Name": "Haag",
		"CountryCode": "NLD",
		"District": "Zuid-Holland",
		"Population": 440900
	}, {
		"ID": 8,
		"Name": "Utrecht",
		"CountryCode": "NLD",
		"District": "Utrecht",
		"Population": 234323
	}, {
		"ID": 9,
		"Name": "Eindhoven",
		"CountryCode": "NLD",
		"District": "Noord-Brabant",
		"Population": 201843
	}, {
		"ID": 10,
		"Name": "Tilburg",
		"CountryCode": "NLD",
		"District": "Noord-Brabant",
		"Population": 193238
	}, {
		"ID": 11,
		"Name": "Groningen",
		"CountryCode": "NLD",
		"District": "Groningen",
		"Population": 172701
	}, {
		"ID": 12,
		"Name": "Breda",
		"CountryCode": "NLD",
		"District": "Noord-Brabant",
		"Population": 160398
	}, {
		"ID": 13,
		"Name": "Apeldoorn",
		"CountryCode": "NLD",
		"District": "Gelderland",
		"Population": 153491
	}, {
		"ID": 14,
		"Name": "Nijmegen",
		"CountryCode": "NLD",
		"District": "Gelderland",
		"Population": 152463
	}, {
		"ID": 15,
		"Name": "Enschede",
		"CountryCode": "NLD",
		"District": "Overijssel",
		"Population": 149544
	}, {
		"ID": 16,
		"Name": "Haarlem",
		"CountryCode": "NLD",
		"District": "Noord-Holland",
		"Population": 148772
	}, {
		"ID": 17,
		"Name": "Almere",
		"CountryCode": "NLD",
		"District": "Flevoland",
		"Population": 142465
	}, {
		"ID": 18,
		"Name": "Arnhem",
		"CountryCode": "NLD",
		"District": "Gelderland",
		"Population": 138020
	}, {
		"ID": 19,
		"Name": "Zaanstad",
		"CountryCode": "NLD",
		"District": "Noord-Holland",
		"Population": 135621
	}, {
		"ID": 20,
		"Name": "´s-Hertogenbosch",
		"CountryCode": "NLD",
		"District": "Noord-Brabant",
		"Population": 129170
	}, {
		"ID": 21,
		"Name": "Amersfoort",
		"CountryCode": "NLD",
		"District": "Utrecht",
		"Population": 126270
	}, {
		"ID": 22,
		"Name": "Maastricht",
		"CountryCode": "NLD",
		"District": "Limburg",
		"Population": 122087
	}, {
		"ID": 23,
		"Name": "Dordrecht",
		"CountryCode": "NLD",
		"District": "Zuid-Holland",
		"Population": 119811
	}, {
		"ID": 24,
		"Name": "Leiden",
		"CountryCode": "NLD",
		"District": "Zuid-Holland",
		"Population": 117196
	}, {
		"ID": 25,
		"Name": "Haarlemmermeer",
		"CountryCode": "NLD",
		"District": "Noord-Holland",
		"Population": 110722
	}]
}