{
	"total_rows": "80",

	"cols" : [
		"ID", "Name", "Country Code", "District", "Population"
	],

	"rows" : [{
		"ID": 26,
		"Name": "Zoetermeer",
		"CountryCode": "NLD",
		"District": "Zuid-Holland",
		"Population": 110214
	}, {
		"ID": 27,
		"Name": "Emmen",
		"CountryCode": "NLD",
		"District": "Drenthe",
		"Population": 105853
	}, {
		"ID": 28,
		"Name": "Zwolle",
		"CountryCode": "NLD",
		"District": "Overijssel",
		"Population": 105819
	}, {
		"ID": 29,
		"Name": "Ede",
		"CountryCode": "NLD",
		"District": "Gelderland",
		"Population": 101574
	}, {
		"ID": 30,
		"Name": "Delft",
		"CountryCode": "NLD",
		"District": "Zuid-Holland",
		"Population": 95268
	}, {
		"ID": 31,
		"Name": "Heerlen",
		"CountryCode": "NLD",
		"District": "Limburg",
		"Population": 95052
	}, {
		"ID": 32,
		"Name": "Alkmaar",
		"CountryCode": "NLD",
		"District": "Noord-Holland",
		"Population": 92713
	}, {
		"ID": 33,
		"Name": "Willemstad",
		"CountryCode": "ANT",
		"District": "Curaçao",
		"Population": 2345
	}, {
		"ID": 34,
		"Name": "Tirana",
		"CountryCode": "ALB",
		"District": "Tirana",
		"Population": 270000
	}, {
		"ID": 35,
		"Name": "Alger",
		"CountryCode": "DZA",
		"District": "Alger",
		"Population": 2168000
	}, {
		"ID": 36,
		"Name": "Oran",
		"CountryCode": "DZA",
		"District": "Oran",
		"Population": 609823
	}, {
		"ID": 37,
		"Name": "Constantine",
		"CountryCode": "DZA",
		"District": "Constantine",
		"Population": 443727
	}, {
		"ID": 38,
		"Name": "Annaba",
		"CountryCode": "DZA",
		"District": "Annaba",
		"Population": 222518
	}, {
		"ID": 39,
		"Name": "Batna",
		"CountryCode": "DZA",
		"District": "Batna",
		"Population": 183377
	}, {
		"ID": 40,
		"Name": "Sétif",
		"CountryCode": "DZA",
		"District": "Sétif",
		"Population": 179055
	}, {
		"ID": 41,
		"Name": "Sidi Bel Abbès",
		"CountryCode": "DZA",
		"District": "Sidi Bel Abbès",
		"Population": 153106
	}, {
		"ID": 42,
		"Name": "Skikda",
		"CountryCode": "DZA",
		"District": "Skikda",
		"Population": 128747
	}, {
		"ID": 43,
		"Name": "Biskra",
		"CountryCode": "DZA",
		"District": "Biskra",
		"Population": 128281
	}, {
		"ID": 44,
		"Name": "Blida (el-Boulaida)",
		"CountryCode": "DZA",
		"District": "Blida",
		"Population": 127284
	}, {
		"ID": 45,
		"Name": "Béjaïa",
		"CountryCode": "DZA",
		"District": "Béjaïa",
		"Population": 117162
	}, {
		"ID": 46,
		"Name": "Mostaganem",
		"CountryCode": "DZA",
		"District": "Mostaganem",
		"Population": 115212
	}, {
		"ID": 47,
		"Name": "Tébessa",
		"CountryCode": "DZA",
		"District": "Tébessa",
		"Population": 112007
	}, {
		"ID": 48,
		"Name": "Tlemcen (Tilimsen)",
		"CountryCode": "DZA",
		"District": "Tlemcen",
		"Population": 110242
	}, {
		"ID": 49,
		"Name": "Béchar",
		"CountryCode": "DZA",
		"District": "Béchar",
		"Population": 107311
	}, {
		"ID": 50,
		"Name": "Tiaret",
		"CountryCode": "DZA",
		"District": "Tiaret",
		"Population": 100118
	}]
}
