{
	"total_rows": "80",

	"cols" : [
		"ID", "Name", "Country Code", "District", "Population"
	],

	"rows" : [{
		"ID": 51,
		"Name": "Ech-Chleff (el-Asnam)",
		"CountryCode": "DZA",
		"District": "Chlef",
		"Population": 96794
	}, {
		"ID": 52,
		"Name": "Ghardaïa",
		"CountryCode": "DZA",
		"District": "Ghardaïa",
		"Population": 89415
	}, {
		"ID": 53,
		"Name": "Tafuna",
		"CountryCode": "ASM",
		"District": "Tutuila",
		"Population": 5200
	}, {
		"ID": 54,
		"Name": "Fagatogo",
		"CountryCode": "ASM",
		"District": "Tutuila",
		"Population": 2323
	}, {
		"ID": 55,
		"Name": "Andorra la Vella",
		"CountryCode": "AND",
		"District": "Andorra la Vella",
		"Population": 21189
	}, {
		"ID": 56,
		"Name": "Luanda",
		"CountryCode": "AGO",
		"District": "Luanda",
		"Population": 2022000
	}, {
		"ID": 57,
		"Name": "Huambo",
		"CountryCode": "AGO",
		"District": "Huambo",
		"Population": 163100
	}, {
		"ID": 58,
		"Name": "Lobito",
		"CountryCode": "AGO",
		"District": "Benguela",
		"Population": 130000
	}, {
		"ID": 59,
		"Name": "Benguela",
		"CountryCode": "AGO",
		"District": "Benguela",
		"Population": 128300
	}, {
		"ID": 60,
		"Name": "Namibe",
		"CountryCode": "AGO",
		"District": "Namibe",
		"Population": 118200
	}, {
		"ID": 61,
		"Name": "South Hill",
		"CountryCode": "AIA",
		"District": "–",
		"Population": 961
	}, {
		"ID": 62,
		"Name": "The Valley",
		"CountryCode": "AIA",
		"District": "–",
		"Population": 595
	}, {
		"ID": 63,
		"Name": "Saint John´s",
		"CountryCode": "ATG",
		"District": "St John",
		"Population": 24000
	}, {
		"ID": 64,
		"Name": "Dubai",
		"CountryCode": "ARE",
		"District": "Dubai",
		"Population": 669181
	}, {
		"ID": 65,
		"Name": "Abu Dhabi",
		"CountryCode": "ARE",
		"District": "Abu Dhabi",
		"Population": 398695
	}, {
		"ID": 66,
		"Name": "Sharja",
		"CountryCode": "ARE",
		"District": "Sharja",
		"Population": 320095
	}, {
		"ID": 67,
		"Name": "al-Ayn",
		"CountryCode": "ARE",
		"District": "Abu Dhabi",
		"Population": 225970
	}, {
		"ID": 68,
		"Name": "Ajman",
		"CountryCode": "ARE",
		"District": "Ajman",
		"Population": 114395
	}, {
		"ID": 69,
		"Name": "Buenos Aires",
		"CountryCode": "ARG",
		"District": "Distrito Federal",
		"Population": 2982146
	}, {
		"ID": 70,
		"Name": "La Matanza",
		"CountryCode": "ARG",
		"District": "Buenos Aires",
		"Population": 1266461
	}, {
		"ID": 71,
		"Name": "Córdoba",
		"CountryCode": "ARG",
		"District": "Córdoba",
		"Population": 1157507
	}, {
		"ID": 72,
		"Name": "Rosario",
		"CountryCode": "ARG",
		"District": "Santa Fé",
		"Population": 907718
	}, {
		"ID": 73,
		"Name": "Lomas de Zamora",
		"CountryCode": "ARG",
		"District": "Buenos Aires",
		"Population": 622013
	}, {
		"ID": 74,
		"Name": "Quilmes",
		"CountryCode": "ARG",
		"District": "Buenos Aires",
		"Population": 559249
	}, {
		"ID": 75,
		"Name": "Almirante Brown",
		"CountryCode": "ARG",
		"District": "Buenos Aires",
		"Population": 538918
	}]
}
